image_id,image_path,feature_file,encoder_name,feature_shape,feature_dtype,file_size,extraction_time,class_name
features,unknown,..\features\encoder_efficientnet_b0\batch_features.npz,efficientnet_b0,"(32, 1280)",float16,76696,2025-09-26T13:53:25.155484,unknown
Corn_(maize)___Cercospora_leaf_spot Gray_leaf_spot_00120a18-ff90-46e4-92fb-2b7a10345bd3___RS_GLSp 9357,data\Corn_(maize)___Cercospora_leaf_spot Gray_leaf_spot\00120a18-ff90-46e4-92fb-2b7a10345bd3___RS_GLSp 9357.JPG,..\features\encoder_efficientnet_b0\img_0000_Corn_(maize)___Cercospora_leaf_spot Gray_leaf_spot_00120a18-ff90-46e4-92fb-2b7a10345bd3___RS_GLSp 9357.npz,efficientnet_b0,"(1280,)",float16,3774,2025-09-26T14:20:33.306689,Corn_(maize)_
Tomato___Late_blight_8cb8fc56-d6b5-4032-b5f4-aebe52af18a3___GHLB2 Leaf 8945,..\data\Tomato___Late_blight\8cb8fc56-d6b5-4032-b5f4-aebe52af18a3___GHLB2 Leaf 8945.JPG,..\features\encoder_efficientnet_b0\img_0000_Tomato___Late_blight_8cb8fc56-d6b5-4032-b5f4-aebe5.npz,efficientnet_b0,"(1280,)",float16,3669,2025-09-29T00:31:12.497336,Tomato_Late_blight
Tomato___Septoria_leaf_spot_f8a1deca-75ae-41cf-bd05-1eee4a183236___Keller.St_CG 1779,..\data\Tomato___Septoria_leaf_spot\f8a1deca-75ae-41cf-bd05-1eee4a183236___Keller.St_CG 1779.JPG,..\features\encoder_efficientnet_b0\img_0000_Tomato___Septoria_leaf_spot_f8a1deca-75ae-41cf-bd0.npz,efficientnet_b0,"(1280,)",float16,3668,2025-09-29T00:31:09.251465,Tomato_Septoria_leaf_spot
Tomato___Target_Spot_7393add5-2fd1-4fae-8b2f-44770dc56a69___Com.G_TgS_FL 9719,..\data\Tomato___Target_Spot\7393add5-2fd1-4fae-8b2f-44770dc56a69___Com.G_TgS_FL 9719.JPG,..\features\encoder_efficientnet_b0\img_0000_Tomato___Target_Spot_7393add5-2fd1-4fae-8b2f-44770.npz,efficientnet_b0,"(1280,)",float16,3664,2025-09-29T00:31:15.792557,Tomato_Target_Spot
Tomato___Tomato_Yellow_Leaf_Curl_Virus_83e4763b-21ad-4834-8d9e-1555f4d295c7___UF.GRC_YLCV_Lab 03047,..\data\Tomato___Tomato_Yellow_Leaf_Curl_Virus\83e4763b-21ad-4834-8d9e-1555f4d295c7___UF.GRC_YLCV_Lab 03047.JPG,..\features\encoder_efficientnet_b0\img_0000_Tomato___Tomato_Yellow_Leaf_Curl_Virus_83e4763b-21.npz,efficientnet_b0,"(1280,)",float16,3716,2025-09-29T00:30:36.082617,Tomato_Tomato_Yellow_Leaf_Curl_Virus
Tomato___Tomato_Yellow_Leaf_Curl_Virus_d09318c5-8be1-437c-a82f-cf20e6e7514a___YLCV_NREC 2576,..\data\Tomato___Tomato_Yellow_Leaf_Curl_Virus\d09318c5-8be1-437c-a82f-cf20e6e7514a___YLCV_NREC 2576.JPG,..\features\encoder_efficientnet_b0\img_0000_Tomato___Tomato_Yellow_Leaf_Curl_Virus_d09318c5-8b.npz,efficientnet_b0,"(1280,)",float16,3706,2025-09-29T00:31:19.050563,Tomato_Tomato_Yellow_Leaf_Curl_Virus
Corn_(maize)___Cercospora_leaf_spot Gray_leaf_spot_00a20f6f-e8bd-4453-9e25-36ea70feb626___RS_GLSp 4655,data\Corn_(maize)___Cercospora_leaf_spot Gray_leaf_spot\00a20f6f-e8bd-4453-9e25-36ea70feb626___RS_GLSp 4655.JPG,..\features\encoder_efficientnet_b0\img_0001_Corn_(maize)___Cercospora_leaf_spot Gray_leaf_spot_00a20f6f-e8bd-4453-9e25-36ea70feb626___RS_GLSp 4655.npz,efficientnet_b0,"(1280,)",float16,3774,2025-09-26T14:20:33.309546,Corn_(maize)_
Corn_(maize)___Northern_Leaf_Blight_oversampled_90dd4436-0614-4f6b-ad3b-b8db56ce4de8___RS_NLB  4673,..\data\Corn_(maize)___Northern_Leaf_Blight_oversampled\90dd4436-0614-4f6b-ad3b-b8db56ce4de8___RS_NLB  4673.JPG,..\features\encoder_efficientnet_b0\img_0001_Corn_(maize)___Northern_Leaf_Blight_oversampled_90.npz,efficientnet_b0,"(1280,)",float16,3733,2025-09-29T00:31:12.501345,Corn_(maize)_Northern_Leaf_Blight_oversampled
Corn_(maize)___Northern_Leaf_Blight_oversampled_d8a2c04c-5d2b-485c-aaff-1440c0cd65e1___RS_NLB 3695,..\data\Corn_(maize)___Northern_Leaf_Blight_oversampled\d8a2c04c-5d2b-485c-aaff-1440c0cd65e1___RS_NLB 3695.JPG,..\features\encoder_efficientnet_b0\img_0001_Corn_(maize)___Northern_Leaf_Blight_oversampled_d8.npz,efficientnet_b0,"(1280,)",float16,3744,2025-09-29T00:31:19.055600,Corn_(maize)_Northern_Leaf_Blight_oversampled
Potato___Late_blight_72b12e17-d76f-4254-a4af-3ed3c3859500___RS_LB 3334,..\data\Potato___Late_blight\72b12e17-d76f-4254-a4af-3ed3c3859500___RS_LB 3334.JPG,..\features\encoder_efficientnet_b0\img_0001_Potato___Late_blight_72b12e17-d76f-4254-a4af-3ed3c.npz,efficientnet_b0,"(1280,)",float16,3675,2025-09-29T00:30:36.087626,Potato_Late_blight
Tomato___Bacterial_spot_b8b09399-338a-4e6d-b05b-30b7a24afc43___GCREC_Bact.Sp 3273,..\data\Tomato___Bacterial_spot\b8b09399-338a-4e6d-b05b-30b7a24afc43___GCREC_Bact.Sp 3273.JPG,..\features\encoder_efficientnet_b0\img_0001_Tomato___Bacterial_spot_b8b09399-338a-4e6d-b05b-30.npz,efficientnet_b0,"(1280,)",float16,3714,2025-09-29T00:31:09.254983,Tomato_Bacterial_spot
Tomato___Target_Spot_65d70d57-0ba6-4ccb-a5ab-a21a6ac54ec4___Com.G_TgS_FL 0668,..\data\Tomato___Target_Spot\65d70d57-0ba6-4ccb-a5ab-a21a6ac54ec4___Com.G_TgS_FL 0668.JPG,..\features\encoder_efficientnet_b0\img_0001_Tomato___Target_Spot_65d70d57-0ba6-4ccb-a5ab-a21a6.npz,efficientnet_b0,"(1280,)",float16,3693,2025-09-29T00:31:15.797055,Tomato_Target_Spot
Corn_(maize)___Cercospora_leaf_spot Gray_leaf_spot_0140764c-6157-4995-9ada-9c10b81af3b8___RS_GLSp 4378,data\Corn_(maize)___Cercospora_leaf_spot Gray_leaf_spot\0140764c-6157-4995-9ada-9c10b81af3b8___RS_GLSp 4378.JPG,..\features\encoder_efficientnet_b0\img_0002_Corn_(maize)___Cercospora_leaf_spot Gray_leaf_spot_0140764c-6157-4995-9ada-9c10b81af3b8___RS_GLSp 4378.npz,efficientnet_b0,"(1280,)",float16,3804,2025-09-26T14:20:33.310741,Corn_(maize)_
Corn_(maize)___Northern_Leaf_Blight_fcdc4514-7dfa-4003-aebd-27692e0853dd___RS_NLB 3705,..\data\Corn_(maize)___Northern_Leaf_Blight\fcdc4514-7dfa-4003-aebd-27692e0853dd___RS_NLB 3705.JPG,..\features\encoder_efficientnet_b0\img_0002_Corn_(maize)___Northern_Leaf_Blight_fcdc4514-7dfa-.npz,efficientnet_b0,"(1280,)",float16,3717,2025-09-29T00:30:36.091154,Corn_(maize)_Northern_Leaf_Blight
Tomato___Leaf_Mold_c498f92f-5940-43ed-982b-110e5dc67b20___Crnl_L.Mold 7142,..\data\Tomato___Leaf_Mold\c498f92f-5940-43ed-982b-110e5dc67b20___Crnl_L.Mold 7142.JPG,..\features\encoder_efficientnet_b0\img_0002_Tomato___Leaf_Mold_c498f92f-5940-43ed-982b-110e5dc.npz,efficientnet_b0,"(1280,)",float16,3689,2025-09-29T00:31:12.505364,Tomato_Leaf_Mold
Tomato___Septoria_leaf_spot_c8bccda1-45c8-4c33-b293-6c4e538bbc74___JR_Sept.L.S 8361,..\data\Tomato___Septoria_leaf_spot\c8bccda1-45c8-4c33-b293-6c4e538bbc74___JR_Sept.L.S 8361.JPG,..\features\encoder_efficientnet_b0\img_0002_Tomato___Septoria_leaf_spot_c8bccda1-45c8-4c33-b29.npz,efficientnet_b0,"(1280,)",float16,3685,2025-09-29T00:31:09.258999,Tomato_Septoria_leaf_spot
Tomato___Spider_mites Two-spotted_spider_mite_bbc1d863-983e-4827-900a-04ff629c60d3___Com.G_SpM_FL 9546,..\data\Tomato___Spider_mites Two-spotted_spider_mite\bbc1d863-983e-4827-900a-04ff629c60d3___Com.G_SpM_FL 9546.JPG,..\features\encoder_efficientnet_b0\img_0002_Tomato___Spider_mites Two-spotted_spider_mite_bbc1.npz,efficientnet_b0,"(1280,)",float16,3707,2025-09-29T00:31:19.059595,Tomato_Spider_mites Two-spotted_spider_mite
Tomato___Tomato_Yellow_Leaf_Curl_Virus_61ca16d1-d69c-4540-b3ba-52bf53dfbc40___YLCV_GCREC 2921,..\data\Tomato___Tomato_Yellow_Leaf_Curl_Virus\61ca16d1-d69c-4540-b3ba-52bf53dfbc40___YLCV_GCREC 2921.JPG,..\features\encoder_efficientnet_b0\img_0002_Tomato___Tomato_Yellow_Leaf_Curl_Virus_61ca16d1-d6.npz,efficientnet_b0,"(1280,)",float16,3681,2025-09-29T00:31:15.801066,Tomato_Tomato_Yellow_Leaf_Curl_Virus
Corn_(maize)___Cercospora_leaf_spot Gray_leaf_spot_0157de0c-5b81-44a1-abe8-eecaa6f1261a___RS_GLSp 4287,data\Corn_(maize)___Cercospora_leaf_spot Gray_leaf_spot\0157de0c-5b81-44a1-abe8-eecaa6f1261a___RS_GLSp 4287.JPG,..\features\encoder_efficientnet_b0\img_0003_Corn_(maize)___Cercospora_leaf_spot Gray_leaf_spot_0157de0c-5b81-44a1-abe8-eecaa6f1261a___RS_GLSp 4287.npz,efficientnet_b0,"(1280,)",float16,3767,2025-09-26T14:20:33.312065,Corn_(maize)_
Corn_(maize)___Northern_Leaf_Blight_75a77d0c-e8a1-4b09-874f-55e391175542___RS_NLB 0818,..\data\Corn_(maize)___Northern_Leaf_Blight\75a77d0c-e8a1-4b09-874f-55e391175542___RS_NLB 0818.JPG,..\features\encoder_efficientnet_b0\img_0003_Corn_(maize)___Northern_Leaf_Blight_75a77d0c-e8a1-.npz,efficientnet_b0,"(1280,)",float16,3683,2025-09-29T00:31:19.062102,Corn_(maize)_Northern_Leaf_Blight
Tomato___Bacterial_spot_88952ffa-2794-4088-8e71-ea69de1dc141___GCREC_Bact.Sp 3612,..\data\Tomato___Bacterial_spot\88952ffa-2794-4088-8e71-ea69de1dc141___GCREC_Bact.Sp 3612.JPG,..\features\encoder_efficientnet_b0\img_0003_Tomato___Bacterial_spot_88952ffa-2794-4088-8e71-ea.npz,efficientnet_b0,"(1280,)",float16,3647,2025-09-29T00:31:15.803556,Tomato_Bacterial_spot
Tomato___Spider_mites Two-spotted_spider_mite_7a44f68b-8741-4977-a2e8-ca0a42f846b4___Com.G_SpM_FL 8623,..\data\Tomato___Spider_mites Two-spotted_spider_mite\7a44f68b-8741-4977-a2e8-ca0a42f846b4___Com.G_SpM_FL 8623.JPG,..\features\encoder_efficientnet_b0\img_0003_Tomato___Spider_mites Two-spotted_spider_mite_7a44.npz,efficientnet_b0,"(1280,)",float16,3725,2025-09-29T00:31:09.262497,Tomato_Spider_mites Two-spotted_spider_mite
Tomato___Spider_mites Two-spotted_spider_mite_7bb0ee74-55e4-45df-88e5-9545947aa7c2___Com.G_SpM_FL 9468,..\data\Tomato___Spider_mites Two-spotted_spider_mite\7bb0ee74-55e4-45df-88e5-9545947aa7c2___Com.G_SpM_FL 9468.JPG,..\features\encoder_efficientnet_b0\img_0003_Tomato___Spider_mites Two-spotted_spider_mite_7bb0.npz,efficientnet_b0,"(1280,)",float16,3697,2025-09-29T00:30:36.094150,Tomato_Spider_mites Two-spotted_spider_mite
Tomato___Tomato_Yellow_Leaf_Curl_Virus_6075fa49-0f9d-4966-8ab6-69bcf429783b___UF.GRC_YLCV_Lab 01613,..\data\Tomato___Tomato_Yellow_Leaf_Curl_Virus\6075fa49-0f9d-4966-8ab6-69bcf429783b___UF.GRC_YLCV_Lab 01613.JPG,..\features\encoder_efficientnet_b0\img_0003_Tomato___Tomato_Yellow_Leaf_Curl_Virus_6075fa49-0f.npz,efficientnet_b0,"(1280,)",float16,3700,2025-09-29T00:31:12.509373,Tomato_Tomato_Yellow_Leaf_Curl_Virus
Corn_(maize)___Cercospora_leaf_spot Gray_leaf_spot_01a02916-5d4c-4256-936b-6b1a9ee65b11___RS_GLSp 9276,data\Corn_(maize)___Cercospora_leaf_spot Gray_leaf_spot\01a02916-5d4c-4256-936b-6b1a9ee65b11___RS_GLSp 9276.JPG,..\features\encoder_efficientnet_b0\img_0004_Corn_(maize)___Cercospora_leaf_spot Gray_leaf_spot_01a02916-5d4c-4256-936b-6b1a9ee65b11___RS_GLSp 9276.npz,efficientnet_b0,"(1280,)",float16,3799,2025-09-26T14:20:33.313262,Corn_(maize)_
Tomato___Bacterial_spot_d1c21ca6-efc2-48f3-a1be-1593320db75c___GCREC_Bact.Sp 3623,..\data\Tomato___Bacterial_spot\d1c21ca6-efc2-48f3-a1be-1593320db75c___GCREC_Bact.Sp 3623.JPG,..\features\encoder_efficientnet_b0\img_0004_Tomato___Bacterial_spot_d1c21ca6-efc2-48f3-a1be-15.npz,efficientnet_b0,"(1280,)",float16,3702,2025-09-29T00:31:09.265499,Tomato_Bacterial_spot
Tomato___Late_blight_014eee0c-8000-4762-b4b8-63ecc2fadc13___GHLB2ES Leaf 69.1,..\data\Tomato___Late_blight\014eee0c-8000-4762-b4b8-63ecc2fadc13___GHLB2ES Leaf 69.1.JPG,..\features\encoder_efficientnet_b0\img_0004_Tomato___Late_blight_014eee0c-8000-4762-b4b8-63ecc.npz,efficientnet_b0,"(1280,)",float16,3700,2025-09-29T00:31:12.511870,Tomato_Late_blight
Tomato___Late_blight_01ebf21e-ef94-4c92-b007-0b26741c2fc8___GHLB2 Leaf 9075,..\data\Tomato___Late_blight\01ebf21e-ef94-4c92-b007-0b26741c2fc8___GHLB2 Leaf 9075.JPG,..\features\encoder_efficientnet_b0\img_0004_Tomato___Late_blight_01ebf21e-ef94-4c92-b007-0b267.npz,efficientnet_b0,"(1280,)",float16,3640,2025-09-29T00:30:36.096149,Tomato_Late_blight
Tomato___Septoria_leaf_spot_62188b89-e853-4547-9fe7-9354a6d3d449___Keller.St_CG 2004,..\data\Tomato___Septoria_leaf_spot\62188b89-e853-4547-9fe7-9354a6d3d449___Keller.St_CG 2004.JPG,..\features\encoder_efficientnet_b0\img_0004_Tomato___Septoria_leaf_spot_62188b89-e853-4547-9fe.npz,efficientnet_b0,"(1280,)",float16,3674,2025-09-29T00:31:19.064102,Tomato_Septoria_leaf_spot
Tomato___Tomato_Yellow_Leaf_Curl_Virus_f8f0681e-4a15-4487-9d10-6433ccad2dee___UF.GRC_YLCV_Lab 02048,..\data\Tomato___Tomato_Yellow_Leaf_Curl_Virus\f8f0681e-4a15-4487-9d10-6433ccad2dee___UF.GRC_YLCV_Lab 02048.JPG,..\features\encoder_efficientnet_b0\img_0004_Tomato___Tomato_Yellow_Leaf_Curl_Virus_f8f0681e-4a.npz,efficientnet_b0,"(1280,)",float16,3690,2025-09-29T00:31:15.807586,Tomato_Tomato_Yellow_Leaf_Curl_Virus
Corn_(maize)___Cercospora_leaf_spot Gray_leaf_spot_02e6c80d-c86f-44ca-9d4c-4b100f92a839___RS_GLSp 4631,data\Corn_(maize)___Cercospora_leaf_spot Gray_leaf_spot\02e6c80d-c86f-44ca-9d4c-4b100f92a839___RS_GLSp 4631.JPG,..\features\encoder_efficientnet_b0\img_0005_Corn_(maize)___Cercospora_leaf_spot Gray_leaf_spot_02e6c80d-c86f-44ca-9d4c-4b100f92a839___RS_GLSp 4631.npz,efficientnet_b0,"(1280,)",float16,3780,2025-09-26T14:20:33.314558,Corn_(maize)_
Corn_(maize)___Northern_Leaf_Blight_oversampled_8c3fa556-9a06-4f43-bfe6-17bcfabb1d8e___RS_NLB 0809,..\data\Corn_(maize)___Northern_Leaf_Blight_oversampled\8c3fa556-9a06-4f43-bfe6-17bcfabb1d8e___RS_NLB 0809.JPG,..\features\encoder_efficientnet_b0\img_0005_Corn_(maize)___Northern_Leaf_Blight_oversampled_8c.npz,efficientnet_b0,"(1280,)",float16,3686,2025-09-29T00:31:12.514871,Corn_(maize)_Northern_Leaf_Blight_oversampled
Tomato___Bacterial_spot_f31f2360-da0a-434a-8469-ebd257c4c29c___GCREC_Bact.Sp 5751,..\data\Tomato___Bacterial_spot\f31f2360-da0a-434a-8469-ebd257c4c29c___GCREC_Bact.Sp 5751.JPG,..\features\encoder_efficientnet_b0\img_0005_Tomato___Bacterial_spot_f31f2360-da0a-434a-8469-eb.npz,efficientnet_b0,"(1280,)",float16,3690,2025-09-29T00:31:09.267996,Tomato_Bacterial_spot
Tomato___healthy_125ff07a-87f1-4953-9ded-8f9e5adb7b1b___RS_HL 0470,..\data\Tomato___healthy\125ff07a-87f1-4953-9ded-8f9e5adb7b1b___RS_HL 0470.JPG,..\features\encoder_efficientnet_b0\img_0005_Tomato___healthy_125ff07a-87f1-4953-9ded-8f9e5adb7.npz,efficientnet_b0,"(1280,)",float16,3666,2025-09-29T00:31:19.066593,Tomato_healthy
Tomato___Leaf_Mold_52790cd9-3f4a-4da8-8786-37c17a102dd0___Crnl_L.Mold 6692,..\data\Tomato___Leaf_Mold\52790cd9-3f4a-4da8-8786-37c17a102dd0___Crnl_L.Mold 6692.JPG,..\features\encoder_efficientnet_b0\img_0005_Tomato___Leaf_Mold_52790cd9-3f4a-4da8-8786-37c17a1.npz,efficientnet_b0,"(1280,)",float16,3669,2025-09-29T00:30:36.099148,Tomato_Leaf_Mold
Tomato___Spider_mites Two-spotted_spider_mite_e813ff58-97d7-4261-a796-e17ab814bc88___Com.G_SpM_FL 9460,..\data\Tomato___Spider_mites Two-spotted_spider_mite\e813ff58-97d7-4261-a796-e17ab814bc88___Com.G_SpM_FL 9460.JPG,..\features\encoder_efficientnet_b0\img_0005_Tomato___Spider_mites Two-spotted_spider_mite_e813.npz,efficientnet_b0,"(1280,)",float16,3704,2025-09-29T00:31:15.810584,Tomato_Spider_mites Two-spotted_spider_mite
Corn_(maize)___Cercospora_leaf_spot Gray_leaf_spot_038464d1-47a9-4169-afb1-72c87e568a95___RS_GLSp 4480,data\Corn_(maize)___Cercospora_leaf_spot Gray_leaf_spot\038464d1-47a9-4169-afb1-72c87e568a95___RS_GLSp 4480.JPG,..\features\encoder_efficientnet_b0\img_0006_Corn_(maize)___Cercospora_leaf_spot Gray_leaf_spot_038464d1-47a9-4169-afb1-72c87e568a95___RS_GLSp 4480.npz,efficientnet_b0,"(1280,)",float16,3779,2025-09-26T14:20:33.315606,Corn_(maize)_
Corn_(maize)___Northern_Leaf_Blight_oversampled_b2dadd42-82b1-415a-8305-d6a720707912___RS_NLB 0771,..\data\Corn_(maize)___Northern_Leaf_Blight_oversampled\b2dadd42-82b1-415a-8305-d6a720707912___RS_NLB 0771.JPG,..\features\encoder_efficientnet_b0\img_0006_Corn_(maize)___Northern_Leaf_Blight_oversampled_b2.npz,efficientnet_b0,"(1280,)",float16,3731,2025-09-29T00:30:36.101656,Corn_(maize)_Northern_Leaf_Blight_oversampled
Tomato___Septoria_leaf_spot_5e53810f-d7fe-40af-aaa4-7753d1f265e2___JR_Sept.L.S 2528,..\data\Tomato___Septoria_leaf_spot\5e53810f-d7fe-40af-aaa4-7753d1f265e2___JR_Sept.L.S 2528.JPG,..\features\encoder_efficientnet_b0\img_0006_Tomato___Septoria_leaf_spot_5e53810f-d7fe-40af-aaa.npz,efficientnet_b0,"(1280,)",float16,3682,2025-09-29T00:31:12.518373,Tomato_Septoria_leaf_spot
Tomato___Spider_mites Two-spotted_spider_mite_e1597efb-3040-427b-8b1c-5522b57042d9___Com.G_SpM_FL 1163,..\data\Tomato___Spider_mites Two-spotted_spider_mite\e1597efb-3040-427b-8b1c-5522b57042d9___Com.G_SpM_FL 1163.JPG,..\features\encoder_efficientnet_b0\img_0006_Tomato___Spider_mites Two-spotted_spider_mite_e159.npz,efficientnet_b0,"(1280,)",float16,3713,2025-09-29T00:31:19.068593,Tomato_Spider_mites Two-spotted_spider_mite
Tomato___Tomato_Yellow_Leaf_Curl_Virus_d94da0c5-3968-4f17-8b5d-2248178ffd07___UF.GRC_YLCV_Lab 01511,..\data\Tomato___Tomato_Yellow_Leaf_Curl_Virus\d94da0c5-3968-4f17-8b5d-2248178ffd07___UF.GRC_YLCV_Lab 01511.JPG,..\features\encoder_efficientnet_b0\img_0006_Tomato___Tomato_Yellow_Leaf_Curl_Virus_d94da0c5-39.npz,efficientnet_b0,"(1280,)",float16,3730,2025-09-29T00:31:09.271511,Tomato_Tomato_Yellow_Leaf_Curl_Virus
Tomato___Tomato_Yellow_Leaf_Curl_Virus_f9e40682-a18b-4be0-a6d8-6beaf81cdefb___YLCV_NREC 2073,..\data\Tomato___Tomato_Yellow_Leaf_Curl_Virus\f9e40682-a18b-4be0-a6d8-6beaf81cdefb___YLCV_NREC 2073.JPG,..\features\encoder_efficientnet_b0\img_0006_Tomato___Tomato_Yellow_Leaf_Curl_Virus_f9e40682-a1.npz,efficientnet_b0,"(1280,)",float16,3751,2025-09-29T00:31:15.812586,Tomato_Tomato_Yellow_Leaf_Curl_Virus
Corn_(maize)___Cercospora_leaf_spot Gray_leaf_spot_045080ca-8b98-4320-adcc-e431f88c1aaa___RS_GLSp 7313,data\Corn_(maize)___Cercospora_leaf_spot Gray_leaf_spot\045080ca-8b98-4320-adcc-e431f88c1aaa___RS_GLSp 7313.JPG,..\features\encoder_efficientnet_b0\img_0007_Corn_(maize)___Cercospora_leaf_spot Gray_leaf_spot_045080ca-8b98-4320-adcc-e431f88c1aaa___RS_GLSp 7313.npz,efficientnet_b0,"(1280,)",float16,3755,2025-09-26T14:20:33.316882,Corn_(maize)_
Corn_(maize)___Northern_Leaf_Blight_oversampled_1120da51-a165-47bc-b982-2a054f15186c___RS_NLB 3734,..\data\Corn_(maize)___Northern_Leaf_Blight_oversampled\1120da51-a165-47bc-b982-2a054f15186c___RS_NLB 3734.JPG,..\features\encoder_efficientnet_b0\img_0007_Corn_(maize)___Northern_Leaf_Blight_oversampled_11.npz,efficientnet_b0,"(1280,)",float16,3768,2025-09-29T00:31:19.072133,Corn_(maize)_Northern_Leaf_Blight_oversampled
Potato___healthy_6f4b9acd-f34d-4771-a6bc-2001de2dd1d3___RS_HL 1898,..\data\Potato___healthy\6f4b9acd-f34d-4771-a6bc-2001de2dd1d3___RS_HL 1898.JPG,..\features\encoder_efficientnet_b0\img_0007_Potato___healthy_6f4b9acd-f34d-4771-a6bc-2001de2dd.npz,efficientnet_b0,"(1280,)",float16,3663,2025-09-29T00:31:15.815589,Potato_healthy
Tomato___Early_blight_8b2de2f4-1f12-46a7-ae3c-85fe9bd6ab6e___RS_Erly.B 7574,..\data\Tomato___Early_blight\8b2de2f4-1f12-46a7-ae3c-85fe9bd6ab6e___RS_Erly.B 7574.JPG,..\features\encoder_efficientnet_b0\img_0007_Tomato___Early_blight_8b2de2f4-1f12-46a7-ae3c-85fe.npz,efficientnet_b0,"(1280,)",float16,3676,2025-09-29T00:31:09.276044,Tomato_Early_blight
Tomato___Late_blight_8daa8725-05a2-4802-a524-9eba96fa89bc___RS_Late.B 6488,..\data\Tomato___Late_blight\8daa8725-05a2-4802-a524-9eba96fa89bc___RS_Late.B 6488.JPG,..\features\encoder_efficientnet_b0\img_0007_Tomato___Late_blight_8daa8725-05a2-4802-a524-9eba9.npz,efficientnet_b0,"(1280,)",float16,3692,2025-09-29T00:30:36.103678,Tomato_Late_blight
Tomato___Tomato_Yellow_Leaf_Curl_Virus_cede7d83-dae3-4fd2-94f4-9bfeacec7de5___UF.GRC_YLCV_Lab 03324,..\data\Tomato___Tomato_Yellow_Leaf_Curl_Virus\cede7d83-dae3-4fd2-94f4-9bfeacec7de5___UF.GRC_YLCV_Lab 03324.JPG,..\features\encoder_efficientnet_b0\img_0007_Tomato___Tomato_Yellow_Leaf_Curl_Virus_cede7d83-da.npz,efficientnet_b0,"(1280,)",float16,3706,2025-09-29T00:31:12.521380,Tomato_Tomato_Yellow_Leaf_Curl_Virus
Corn_(maize)___Cercospora_leaf_spot Gray_leaf_spot_05daf90f-9100-499f-a4aa-ebc5dfc20adf___RS_GLSp 7335,data\Corn_(maize)___Cercospora_leaf_spot Gray_leaf_spot\05daf90f-9100-499f-a4aa-ebc5dfc20adf___RS_GLSp 7335.JPG,..\features\encoder_efficientnet_b0\img_0008_Corn_(maize)___Cercospora_leaf_spot Gray_leaf_spot_05daf90f-9100-499f-a4aa-ebc5dfc20adf___RS_GLSp 7335.npz,efficientnet_b0,"(1280,)",float16,3700,2025-09-26T14:20:33.377799,Corn_(maize)_
Potato___Late_blight_4f41de6a-c118-4296-a753-963d1427323c___RS_LB 4561,..\data\Potato___Late_blight\4f41de6a-c118-4296-a753-963d1427323c___RS_LB 4561.JPG,..\features\encoder_efficientnet_b0\img_0008_Potato___Late_blight_4f41de6a-c118-4296-a753-963d1.npz,efficientnet_b0,"(1280,)",float16,3673,2025-09-29T00:31:12.525400,Potato_Late_blight
Tomato___healthy_d0d0643e-c7f1-4cf3-8399-cfd8a73d1af3___RS_HL 9650,..\data\Tomato___healthy\d0d0643e-c7f1-4cf3-8399-cfd8a73d1af3___RS_HL 9650.JPG,..\features\encoder_efficientnet_b0\img_0008_Tomato___healthy_d0d0643e-c7f1-4cf3-8399-cfd8a73d1.npz,efficientnet_b0,"(1280,)",float16,3661,2025-09-29T00:31:15.818095,Tomato_healthy
Tomato___Septoria_leaf_spot_de9bb1e9-2ddb-47ee-a05a-01e380837d49___Matt.S_CG 6024,..\data\Tomato___Septoria_leaf_spot\de9bb1e9-2ddb-47ee-a05a-01e380837d49___Matt.S_CG 6024.JPG,..\features\encoder_efficientnet_b0\img_0008_Tomato___Septoria_leaf_spot_de9bb1e9-2ddb-47ee-a05.npz,efficientnet_b0,"(1280,)",float16,3697,2025-09-29T00:30:36.106703,Tomato_Septoria_leaf_spot
Tomato___Target_Spot_581d4912-6d16-4275-a26d-6c77cd109484___Com.G_TgS_FL 0940,..\data\Tomato___Target_Spot\581d4912-6d16-4275-a26d-6c77cd109484___Com.G_TgS_FL 0940.JPG,..\features\encoder_efficientnet_b0\img_0008_Tomato___Target_Spot_581d4912-6d16-4275-a26d-6c77c.npz,efficientnet_b0,"(1280,)",float16,3678,2025-09-29T00:31:19.075148,Tomato_Target_Spot
Tomato___Tomato_Yellow_Leaf_Curl_Virus_db3e7eb6-5ccf-450b-8a07-e8be07ac833f___YLCV_GCREC 5229,..\data\Tomato___Tomato_Yellow_Leaf_Curl_Virus\db3e7eb6-5ccf-450b-8a07-e8be07ac833f___YLCV_GCREC 5229.JPG,..\features\encoder_efficientnet_b0\img_0008_Tomato___Tomato_Yellow_Leaf_Curl_Virus_db3e7eb6-5c.npz,efficientnet_b0,"(1280,)",float16,3702,2025-09-29T00:31:09.280042,Tomato_Tomato_Yellow_Leaf_Curl_Virus
Corn_(maize)___Cercospora_leaf_spot Gray_leaf_spot_05f92471-3cd4-441b-af21-1a02304d0b6c___RS_GLSp 7315,data\Corn_(maize)___Cercospora_leaf_spot Gray_leaf_spot\05f92471-3cd4-441b-af21-1a02304d0b6c___RS_GLSp 7315.JPG,..\features\encoder_efficientnet_b0\img_0009_Corn_(maize)___Cercospora_leaf_spot Gray_leaf_spot_05f92471-3cd4-441b-af21-1a02304d0b6c___RS_GLSp 7315.npz,efficientnet_b0,"(1280,)",float16,3787,2025-09-26T14:20:33.379701,Corn_(maize)_
Corn_(maize)___healthy_bda64a31-97b6-4a99-8182-acca2dc14e96___R.S_HL 8094 copy,..\data\Corn_(maize)___healthy\bda64a31-97b6-4a99-8182-acca2dc14e96___R.S_HL 8094 copy.jpg,..\features\encoder_efficientnet_b0\img_0009_Corn_(maize)___healthy_bda64a31-97b6-4a99-8182-acc.npz,efficientnet_b0,"(1280,)",float16,3732,2025-09-29T00:31:19.078144,Corn_(maize)_healthy
Tomato___Late_blight_78b86a00-59ee-4e29-865c-c7cbf42dd9dd___GHLB2 Leaf 8715,..\data\Tomato___Late_blight\78b86a00-59ee-4e29-865c-c7cbf42dd9dd___GHLB2 Leaf 8715.JPG,..\features\encoder_efficientnet_b0\img_0009_Tomato___Late_blight_78b86a00-59ee-4e29-865c-c7cbf.npz,efficientnet_b0,"(1280,)",float16,3693,2025-09-29T00:31:15.820095,Tomato_Late_blight
Tomato___Septoria_leaf_spot_4d19cd34-0257-4c33-99eb-c1036c018b71___Matt.S_CG 7843,..\data\Tomato___Septoria_leaf_spot\4d19cd34-0257-4c33-99eb-c1036c018b71___Matt.S_CG 7843.JPG,..\features\encoder_efficientnet_b0\img_0009_Tomato___Septoria_leaf_spot_4d19cd34-0257-4c33-99e.npz,efficientnet_b0,"(1280,)",float16,3681,2025-09-29T00:31:09.284074,Tomato_Septoria_leaf_spot
Tomato___Spider_mites Two-spotted_spider_mite_791891fa-a130-475d-b39a-f224bef3d67f___Com.G_SpM_FL 8931,..\data\Tomato___Spider_mites Two-spotted_spider_mite\791891fa-a130-475d-b39a-f224bef3d67f___Com.G_SpM_FL 8931.JPG,..\features\encoder_efficientnet_b0\img_0009_Tomato___Spider_mites Two-spotted_spider_mite_7918.npz,efficientnet_b0,"(1280,)",float16,3734,2025-09-29T00:30:36.110717,Tomato_Spider_mites Two-spotted_spider_mite
Tomato___Spider_mites Two-spotted_spider_mite_b0e1f3da-198d-4dea-b986-aa7072909523___Com.G_SpM_FL 9361,..\data\Tomato___Spider_mites Two-spotted_spider_mite\b0e1f3da-198d-4dea-b986-aa7072909523___Com.G_SpM_FL 9361.JPG,..\features\encoder_efficientnet_b0\img_0009_Tomato___Spider_mites Two-spotted_spider_mite_b0e1.npz,efficientnet_b0,"(1280,)",float16,3720,2025-09-29T00:31:12.528898,Tomato_Spider_mites Two-spotted_spider_mite
Corn_(maize)___Cercospora_leaf_spot Gray_leaf_spot_0657e6c0-5a6d-4ef3-807a-4e31e57fb683___RS_GLSp 7344 copy,C:\Users\MadScie254\Documents\GitHub\Capstone-Lazarus\data\Corn_(maize)___Cercospora_leaf_spot Gray_leaf_spot\0657e6c0-5a6d-4ef3-807a-4e31e57fb683___RS_GLSp 7344 copy.jpg,..\features\encoder_efficientnet_b0\img_0010_Corn_(maize)___Cercospora_leaf_spot Gray_leaf_spot_0657e6c0-5a6d-4ef3-807a-4e31e57fb683___RS_GLSp 7344 copy.npz,efficientnet_b0,"(1280,)",float16,3601,2025-09-26T13:56:44.568164,Corn_(maize)_Cercospora_leaf_spot Gray_leaf_spot
Corn_(maize)___Common_rust__RS_Rust 1563,data\Corn_(maize)___Common_rust_\RS_Rust 1563.JPG,..\features\encoder_efficientnet_b0\img_0010_Corn_(maize)___Common_rust__RS_Rust 1563.npz,efficientnet_b0,"(1280,)",float16,3623,2025-09-26T14:20:33.381263,Corn_(maize)_
Corn_(maize)___Common_rust__RS_Rust 1804,..\data\Corn_(maize)___Common_rust_\RS_Rust 1804.JPG,..\features\encoder_efficientnet_b0\img_0010_Corn_(maize)___Common_rust__RS_Rust 1804.npz,efficientnet_b0,"(1280,)",float16,3582,2025-09-29T00:31:12.532397,Corn_(maize)_Common_rust_
Corn_(maize)___Common_rust__RS_Rust 2261,..\data\Corn_(maize)___Common_rust_\RS_Rust 2261.JPG,..\features\encoder_efficientnet_b0\img_0010_Corn_(maize)___Common_rust__RS_Rust 2261.npz,efficientnet_b0,"(1280,)",float16,3604,2025-09-29T00:31:09.289087,Corn_(maize)_Common_rust_
Tomato___Bacterial_spot_5c862bf1-ab62-4106-bdca-6b22a1951dca___GCREC_Bact.Sp 3860,..\data\Tomato___Bacterial_spot\5c862bf1-ab62-4106-bdca-6b22a1951dca___GCREC_Bact.Sp 3860.JPG,..\features\encoder_efficientnet_b0\img_0010_Tomato___Bacterial_spot_5c862bf1-ab62-4106-bdca-6b.npz,efficientnet_b0,"(1280,)",float16,3685,2025-09-29T00:31:19.081149,Tomato_Bacterial_spot
Tomato___Early_blight_389a93c4-2ea1-4df5-94c6-01ea8ad856db___RS_Erly.B 7720,..\data\Tomato___Early_blight\389a93c4-2ea1-4df5-94c6-01ea8ad856db___RS_Erly.B 7720.JPG,..\features\encoder_efficientnet_b0\img_0010_Tomato___Early_blight_389a93c4-2ea1-4df5-94c6-01ea.npz,efficientnet_b0,"(1280,)",float16,3703,2025-09-29T00:30:36.113719,Tomato_Early_blight
Tomato___Leaf_Mold_077218cb-00b9-4bdf-b091-108a42c7a601___Crnl_L.Mold 7118,..\data\Tomato___Leaf_Mold\077218cb-00b9-4bdf-b091-108a42c7a601___Crnl_L.Mold 7118.JPG,..\features\encoder_efficientnet_b0\img_0010_Tomato___Leaf_Mold_077218cb-00b9-4bdf-b091-108a42c.npz,efficientnet_b0,"(1280,)",float16,3649,2025-09-29T00:31:15.825629,Tomato_Leaf_Mold
Corn_(maize)___Cercospora_leaf_spot Gray_leaf_spot_065fe7da-dcaf-41be-9332-5ec5ebceb94b___RS_GLSp 9337,C:\Users\MadScie254\Documents\GitHub\Capstone-Lazarus\data\Corn_(maize)___Cercospora_leaf_spot Gray_leaf_spot\065fe7da-dcaf-41be-9332-5ec5ebceb94b___RS_GLSp 9337.JPG,..\features\encoder_efficientnet_b0\img_0011_Corn_(maize)___Cercospora_leaf_spot Gray_leaf_spot_065fe7da-dcaf-41be-9332-5ec5ebceb94b___RS_GLSp 9337.npz,efficientnet_b0,"(1280,)",float16,3578,2025-09-26T13:56:44.570543,Corn_(maize)_Cercospora_leaf_spot Gray_leaf_spot
Corn_(maize)___Common_rust__RS_Rust 1564,data\Corn_(maize)___Common_rust_\RS_Rust 1564.JPG,..\features\encoder_efficientnet_b0\img_0011_Corn_(maize)___Common_rust__RS_Rust 1564.npz,efficientnet_b0,"(1280,)",float16,3630,2025-09-26T14:20:33.382801,Corn_(maize)_
Corn_(maize)___Northern_Leaf_Blight_2ea20efb-b8d6-4ff9-8e72-418fd4a239f0___RS_NLB 4022,..\data\Corn_(maize)___Northern_Leaf_Blight\2ea20efb-b8d6-4ff9-8e72-418fd4a239f0___RS_NLB 4022.JPG,..\features\encoder_efficientnet_b0\img_0011_Corn_(maize)___Northern_Leaf_Blight_2ea20efb-b8d6-.npz,efficientnet_b0,"(1280,)",float16,3688,2025-09-29T00:30:36.117219,Corn_(maize)_Northern_Leaf_Blight
Corn_(maize)___Northern_Leaf_Blight_undersampled_40ca043f-ee3d-4327-95ee-09d7b41ebfc4___RS_NLB 3890,..\data\Corn_(maize)___Northern_Leaf_Blight_undersampled\40ca043f-ee3d-4327-95ee-09d7b41ebfc4___RS_NLB 3890.JPG,..\features\encoder_efficientnet_b0\img_0011_Corn_(maize)___Northern_Leaf_Blight_undersampled_4.npz,efficientnet_b0,"(1280,)",float16,3749,2025-09-29T00:31:12.535895,Corn_(maize)_Northern_Leaf_Blight_undersampled
Tomato___Late_blight_c933cfb7-d1c7-420b-88d0-7df28ae6ab2d___GHLB_PS Leaf 36.1 Day 13,..\data\Tomato___Late_blight\c933cfb7-d1c7-420b-88d0-7df28ae6ab2d___GHLB_PS Leaf 36.1 Day 13.jpg,..\features\encoder_efficientnet_b0\img_0011_Tomato___Late_blight_c933cfb7-d1c7-420b-88d0-7df28.npz,efficientnet_b0,"(1280,)",float16,3663,2025-09-29T00:31:19.083645,Tomato_Late_blight
Tomato___Leaf_Mold_d90f334c-18c3-4b20-903e-e51f57d8704d___Crnl_L.Mold 6935,..\data\Tomato___Leaf_Mold\d90f334c-18c3-4b20-903e-e51f57d8704d___Crnl_L.Mold 6935.JPG,..\features\encoder_efficientnet_b0\img_0011_Tomato___Leaf_Mold_d90f334c-18c3-4b20-903e-e51f57d.npz,efficientnet_b0,"(1280,)",float16,3649,2025-09-29T00:31:09.292604,Tomato_Leaf_Mold
Tomato___Tomato_Yellow_Leaf_Curl_Virus_2dfa5a01-658b-4876-a02e-31cec4378f9c___UF.GRC_YLCV_Lab 01339,..\data\Tomato___Tomato_Yellow_Leaf_Curl_Virus\2dfa5a01-658b-4876-a02e-31cec4378f9c___UF.GRC_YLCV_Lab 01339.JPG,..\features\encoder_efficientnet_b0\img_0011_Tomato___Tomato_Yellow_Leaf_Curl_Virus_2dfa5a01-65.npz,efficientnet_b0,"(1280,)",float16,3712,2025-09-29T00:31:15.828126,Tomato_Tomato_Yellow_Leaf_Curl_Virus
Corn_(maize)___Cercospora_leaf_spot Gray_leaf_spot_06785548-9756-4410-b3c2-55cc089276ce___RS_GLSp 4288,C:\Users\MadScie254\Documents\GitHub\Capstone-Lazarus\data\Corn_(maize)___Cercospora_leaf_spot Gray_leaf_spot\06785548-9756-4410-b3c2-55cc089276ce___RS_GLSp 4288.JPG,..\features\encoder_efficientnet_b0\img_0012_Corn_(maize)___Cercospora_leaf_spot Gray_leaf_spot_06785548-9756-4410-b3c2-55cc089276ce___RS_GLSp 4288.npz,efficientnet_b0,"(1280,)",float16,3575,2025-09-26T13:56:44.573861,Corn_(maize)_Cercospora_leaf_spot Gray_leaf_spot
Corn_(maize)___Common_rust__RS_Rust 1565,data\Corn_(maize)___Common_rust_\RS_Rust 1565.JPG,..\features\encoder_efficientnet_b0\img_0012_Corn_(maize)___Common_rust__RS_Rust 1565.npz,efficientnet_b0,"(1280,)",float16,3618,2025-09-26T14:20:33.384535,Corn_(maize)_
Tomato___Bacterial_spot_5fe12bf4-de4e-49bc-8125-b47edd272f7e___GCREC_Bact.Sp 3205,..\data\Tomato___Bacterial_spot\5fe12bf4-de4e-49bc-8125-b47edd272f7e___GCREC_Bact.Sp 3205.JPG,..\features\encoder_efficientnet_b0\img_0012_Tomato___Bacterial_spot_5fe12bf4-de4e-49bc-8125-b4.npz,efficientnet_b0,"(1280,)",float16,3660,2025-09-29T00:31:15.832125,Tomato_Bacterial_spot
Tomato___Late_blight_a38d671f-4582-4ee9-b994-63f2343821e8___GHLB2 Leaf 8592,..\data\Tomato___Late_blight\a38d671f-4582-4ee9-b994-63f2343821e8___GHLB2 Leaf 8592.JPG,..\features\encoder_efficientnet_b0\img_0012_Tomato___Late_blight_a38d671f-4582-4ee9-b994-63f23.npz,efficientnet_b0,"(1280,)",float16,3664,2025-09-29T00:31:09.298598,Tomato_Late_blight
Tomato___Leaf_Mold_d998fc3d-1314-4f78-86b7-ca3bf205fe6a___Crnl_L.Mold 7168,..\data\Tomato___Leaf_Mold\d998fc3d-1314-4f78-86b7-ca3bf205fe6a___Crnl_L.Mold 7168.JPG,..\features\encoder_efficientnet_b0\img_0012_Tomato___Leaf_Mold_d998fc3d-1314-4f78-86b7-ca3bf20.npz,efficientnet_b0,"(1280,)",float16,3678,2025-09-29T00:30:36.121215,Tomato_Leaf_Mold
Tomato___Septoria_leaf_spot_0b6a9374-858d-49ce-8a94-ab57c957718c___Matt.S_CG 2488,..\data\Tomato___Septoria_leaf_spot\0b6a9374-858d-49ce-8a94-ab57c957718c___Matt.S_CG 2488.JPG,..\features\encoder_efficientnet_b0\img_0012_Tomato___Septoria_leaf_spot_0b6a9374-858d-49ce-8a9.npz,efficientnet_b0,"(1280,)",float16,3709,2025-09-29T00:31:12.541962,Tomato_Septoria_leaf_spot
Tomato___Tomato_Yellow_Leaf_Curl_Virus_4a403ab1-96cf-435b-879e-92415c47f3ff___YLCV_GCREC 2020,..\data\Tomato___Tomato_Yellow_Leaf_Curl_Virus\4a403ab1-96cf-435b-879e-92415c47f3ff___YLCV_GCREC 2020.JPG,..\features\encoder_efficientnet_b0\img_0012_Tomato___Tomato_Yellow_Leaf_Curl_Virus_4a403ab1-96.npz,efficientnet_b0,"(1280,)",float16,3737,2025-09-29T00:31:19.086647,Tomato_Tomato_Yellow_Leaf_Curl_Virus
Corn_(maize)___Cercospora_leaf_spot Gray_leaf_spot_06830ecc-28d2-4ec9-a553-4d7905a12dbf___RS_GLSp 4355 copy,C:\Users\MadScie254\Documents\GitHub\Capstone-Lazarus\data\Corn_(maize)___Cercospora_leaf_spot Gray_leaf_spot\06830ecc-28d2-4ec9-a553-4d7905a12dbf___RS_GLSp 4355 copy.jpg,..\features\encoder_efficientnet_b0\img_0013_Corn_(maize)___Cercospora_leaf_spot Gray_leaf_spot_06830ecc-28d2-4ec9-a553-4d7905a12dbf___RS_GLSp 4355 copy.npz,efficientnet_b0,"(1280,)",float16,3610,2025-09-26T13:56:44.576534,Corn_(maize)_Cercospora_leaf_spot Gray_leaf_spot
Corn_(maize)___Common_rust__RS_Rust 1566,data\Corn_(maize)___Common_rust_\RS_Rust 1566.JPG,..\features\encoder_efficientnet_b0\img_0013_Corn_(maize)___Common_rust__RS_Rust 1566.npz,efficientnet_b0,"(1280,)",float16,3633,2025-09-26T14:20:33.386496,Corn_(maize)_
Corn_(maize)___Northern_Leaf_Blight_undersampled_da98944f-f66b-4734-9d09-58dbb072eb85___RS_NLB 4033,..\data\Corn_(maize)___Northern_Leaf_Blight_undersampled\da98944f-f66b-4734-9d09-58dbb072eb85___RS_NLB 4033.JPG,..\features\encoder_efficientnet_b0\img_0013_Corn_(maize)___Northern_Leaf_Blight_undersampled_d.npz,efficientnet_b0,"(1280,)",float16,3714,2025-09-29T00:31:15.836657,Corn_(maize)_Northern_Leaf_Blight_undersampled
Tomato___healthy_b951fffc-404c-4b85-a7ec-fe8b4f9a15fa___RS_HL 0540,..\data\Tomato___healthy\b951fffc-404c-4b85-a7ec-fe8b4f9a15fa___RS_HL 0540.JPG,..\features\encoder_efficientnet_b0\img_0013_Tomato___healthy_b951fffc-404c-4b85-a7ec-fe8b4f9a1.npz,efficientnet_b0,"(1280,)",float16,3650,2025-09-29T00:30:36.124761,Tomato_healthy
Tomato___Late_blight_7c367715-8147-42a2-803a-987828f88d76___GHLB2 Leaf 144.2,..\data\Tomato___Late_blight\7c367715-8147-42a2-803a-987828f88d76___GHLB2 Leaf 144.2.JPG,..\features\encoder_efficientnet_b0\img_0013_Tomato___Late_blight_7c367715-8147-42a2-803a-98782.npz,efficientnet_b0,"(1280,)",float16,3672,2025-09-29T00:31:19.091673,Tomato_Late_blight
Tomato___Target_Spot_0825b4fc-d76b-446c-834e-78de8e72be38___Com.G_TgS_FL 1015,..\data\Tomato___Target_Spot\0825b4fc-d76b-446c-834e-78de8e72be38___Com.G_TgS_FL 1015.JPG,..\features\encoder_efficientnet_b0\img_0013_Tomato___Target_Spot_0825b4fc-d76b-446c-834e-78de8.npz,efficientnet_b0,"(1280,)",float16,3691,2025-09-29T00:31:09.301596,Tomato_Target_Spot
Tomato___Tomato_Yellow_Leaf_Curl_Virus_b75d7327-f97a-4793-9513-a6ff3c351fa2___UF.GRC_YLCV_Lab 02711,..\data\Tomato___Tomato_Yellow_Leaf_Curl_Virus\b75d7327-f97a-4793-9513-a6ff3c351fa2___UF.GRC_YLCV_Lab 02711.JPG,..\features\encoder_efficientnet_b0\img_0013_Tomato___Tomato_Yellow_Leaf_Curl_Virus_b75d7327-f9.npz,efficientnet_b0,"(1280,)",float16,3728,2025-09-29T00:31:12.546955,Tomato_Tomato_Yellow_Leaf_Curl_Virus
Corn_(maize)___Cercospora_leaf_spot Gray_leaf_spot_06e94cd0-fe77-4af0-b4ae-664fcd78cfff___RS_GLSp 4656,C:\Users\MadScie254\Documents\GitHub\Capstone-Lazarus\data\Corn_(maize)___Cercospora_leaf_spot Gray_leaf_spot\06e94cd0-fe77-4af0-b4ae-664fcd78cfff___RS_GLSp 4656.JPG,..\features\encoder_efficientnet_b0\img_0014_Corn_(maize)___Cercospora_leaf_spot Gray_leaf_spot_06e94cd0-fe77-4af0-b4ae-664fcd78cfff___RS_GLSp 4656.npz,efficientnet_b0,"(1280,)",float16,3568,2025-09-26T13:56:44.579055,Corn_(maize)_Cercospora_leaf_spot Gray_leaf_spot
Corn_(maize)___Common_rust__RS_Rust 1567,data\Corn_(maize)___Common_rust_\RS_Rust 1567.JPG,..\features\encoder_efficientnet_b0\img_0014_Corn_(maize)___Common_rust__RS_Rust 1567.npz,efficientnet_b0,"(1280,)",float16,3606,2025-09-26T14:20:33.387644,Corn_(maize)_
Potato___Early_blight_cac99520-3403-4602-961d-3a668bb980fb___RS_Early.B 7388,..\data\Potato___Early_blight\cac99520-3403-4602-961d-3a668bb980fb___RS_Early.B 7388.JPG,..\features\encoder_efficientnet_b0\img_0014_Potato___Early_blight_cac99520-3403-4602-961d-3a66.npz,efficientnet_b0,"(1280,)",float16,3669,2025-09-29T00:31:09.303593,Potato_Early_blight
Tomato___Bacterial_spot_3981c964-0d65-4c9e-9b78-5e892b6a961c___GCREC_Bact.Sp 3230,..\data\Tomato___Bacterial_spot\3981c964-0d65-4c9e-9b78-5e892b6a961c___GCREC_Bact.Sp 3230.JPG,..\features\encoder_efficientnet_b0\img_0014_Tomato___Bacterial_spot_3981c964-0d65-4c9e-9b78-5e.npz,efficientnet_b0,"(1280,)",float16,3686,2025-09-29T00:30:36.129264,Tomato_Bacterial_spot
Tomato___Septoria_leaf_spot_0cff7307-2103-4aaf-b2af-899221b15e34___Matt.S_CG 7756,..\data\Tomato___Septoria_leaf_spot\0cff7307-2103-4aaf-b2af-899221b15e34___Matt.S_CG 7756.JPG,..\features\encoder_efficientnet_b0\img_0014_Tomato___Septoria_leaf_spot_0cff7307-2103-4aaf-b2a.npz,efficientnet_b0,"(1280,)",float16,3695,2025-09-29T00:31:15.841193,Tomato_Septoria_leaf_spot
Tomato___Spider_mites Two-spotted_spider_mite_4ceaac12-5d26-494a-be0a-6f7e747a02c2___Com.G_SpM_FL 8963,..\data\Tomato___Spider_mites Two-spotted_spider_mite\4ceaac12-5d26-494a-be0a-6f7e747a02c2___Com.G_SpM_FL 8963.JPG,..\features\encoder_efficientnet_b0\img_0014_Tomato___Spider_mites Two-spotted_spider_mite_4cea.npz,efficientnet_b0,"(1280,)",float16,3717,2025-09-29T00:31:19.095173,Tomato_Spider_mites Two-spotted_spider_mite
Tomato___Tomato_Yellow_Leaf_Curl_Virus_a0689cc8-7329-4c38-bc16-5432089d7728___YLCV_GCREC 1912,..\data\Tomato___Tomato_Yellow_Leaf_Curl_Virus\a0689cc8-7329-4c38-bc16-5432089d7728___YLCV_GCREC 1912.JPG,..\features\encoder_efficientnet_b0\img_0014_Tomato___Tomato_Yellow_Leaf_Curl_Virus_a0689cc8-73.npz,efficientnet_b0,"(1280,)",float16,3716,2025-09-29T00:31:12.550954,Tomato_Tomato_Yellow_Leaf_Curl_Virus
Corn_(maize)___Cercospora_leaf_spot Gray_leaf_spot_07e00695-1271-4cf1-b08d-63e27969b03d___RS_GLSp 9312,C:\Users\MadScie254\Documents\GitHub\Capstone-Lazarus\data\Corn_(maize)___Cercospora_leaf_spot Gray_leaf_spot\07e00695-1271-4cf1-b08d-63e27969b03d___RS_GLSp 9312.JPG,..\features\encoder_efficientnet_b0\img_0015_Corn_(maize)___Cercospora_leaf_spot Gray_leaf_spot_07e00695-1271-4cf1-b08d-63e27969b03d___RS_GLSp 9312.npz,efficientnet_b0,"(1280,)",float16,3597,2025-09-26T13:56:44.581704,Corn_(maize)_Cercospora_leaf_spot Gray_leaf_spot
Corn_(maize)___Common_rust__RS_Rust 1568,data\Corn_(maize)___Common_rust_\RS_Rust 1568.JPG,..\features\encoder_efficientnet_b0\img_0015_Corn_(maize)___Common_rust__RS_Rust 1568.npz,efficientnet_b0,"(1280,)",float16,3616,2025-09-26T14:20:33.388773,Corn_(maize)_
Potato___Early_blight_aed93c24-f226-4dd4-b5fb-b1f2d1202c63___RS_Early.B 8363,..\data\Potato___Early_blight\aed93c24-f226-4dd4-b5fb-b1f2d1202c63___RS_Early.B 8363.JPG,..\features\encoder_efficientnet_b0\img_0015_Potato___Early_blight_aed93c24-f226-4dd4-b5fb-b1f2.npz,efficientnet_b0,"(1280,)",float16,3683,2025-09-29T00:30:36.132757,Potato_Early_blight
Tomato___Bacterial_spot_703e4fe2-0e0c-4472-afcc-ff72a1d1870c___GCREC_Bact.Sp 3091,..\data\Tomato___Bacterial_spot\703e4fe2-0e0c-4472-afcc-ff72a1d1870c___GCREC_Bact.Sp 3091.JPG,..\features\encoder_efficientnet_b0\img_0015_Tomato___Bacterial_spot_703e4fe2-0e0c-4472-afcc-ff.npz,efficientnet_b0,"(1280,)",float16,3670,2025-09-29T00:31:09.307629,Tomato_Bacterial_spot
Tomato___Bacterial_spot_8e2b3e53-24b7-4817-a50f-c5e972b9ae83___GCREC_Bact.Sp 5856,..\data\Tomato___Bacterial_spot\8e2b3e53-24b7-4817-a50f-c5e972b9ae83___GCREC_Bact.Sp 5856.JPG,..\features\encoder_efficientnet_b0\img_0015_Tomato___Bacterial_spot_8e2b3e53-24b7-4817-a50f-c5.npz,efficientnet_b0,"(1280,)",float16,3680,2025-09-29T00:31:19.097688,Tomato_Bacterial_spot
Tomato___Tomato_Yellow_Leaf_Curl_Virus_0dfe0a59-8266-4ca7-b93b-f25b8c550cb6___YLCV_NREC 0170,..\data\Tomato___Tomato_Yellow_Leaf_Curl_Virus\0dfe0a59-8266-4ca7-b93b-f25b8c550cb6___YLCV_NREC 0170.JPG,..\features\encoder_efficientnet_b0\img_0015_Tomato___Tomato_Yellow_Leaf_Curl_Virus_0dfe0a59-82.npz,efficientnet_b0,"(1280,)",float16,3729,2025-09-29T00:31:12.553456,Tomato_Tomato_Yellow_Leaf_Curl_Virus
Tomato___Tomato_Yellow_Leaf_Curl_Virus_7c466e1e-fab1-49ad-8886-f91308c5a1ab___UF.GRC_YLCV_Lab 02184,..\data\Tomato___Tomato_Yellow_Leaf_Curl_Virus\7c466e1e-fab1-49ad-8886-f91308c5a1ab___UF.GRC_YLCV_Lab 02184.JPG,..\features\encoder_efficientnet_b0\img_0015_Tomato___Tomato_Yellow_Leaf_Curl_Virus_7c466e1e-fa.npz,efficientnet_b0,"(1280,)",float16,3700,2025-09-29T00:31:15.846187,Tomato_Tomato_Yellow_Leaf_Curl_Virus
Corn_(maize)___Cercospora_leaf_spot Gray_leaf_spot_07f54257-0ec8-4bce-991f-90d46646d4f8___RS_GLSp 4378 copy 2,C:\Users\MadScie254\Documents\GitHub\Capstone-Lazarus\data\Corn_(maize)___Cercospora_leaf_spot Gray_leaf_spot\07f54257-0ec8-4bce-991f-90d46646d4f8___RS_GLSp 4378 copy 2.jpg,..\features\encoder_efficientnet_b0\img_0016_Corn_(maize)___Cercospora_leaf_spot Gray_leaf_spot_07f54257-0ec8-4bce-991f-90d46646d4f8___RS_GLSp 4378 copy 2.npz,efficientnet_b0,"(1280,)",float16,3554,2025-09-26T13:56:44.660284,Corn_(maize)_Cercospora_leaf_spot Gray_leaf_spot
Corn_(maize)___Common_rust__RS_Rust 1569,data\Corn_(maize)___Common_rust_\RS_Rust 1569.JPG,..\features\encoder_efficientnet_b0\img_0016_Corn_(maize)___Common_rust__RS_Rust 1569.npz,efficientnet_b0,"(1280,)",float16,3614,2025-09-26T14:20:33.444475,Corn_(maize)_
Corn_(maize)___healthy_6cace6d8-9be3-43f8-9e54-3b66d1491af0___R.S_HL 8109 copy,..\data\Corn_(maize)___healthy\6cace6d8-9be3-43f8-9e54-3b66d1491af0___R.S_HL 8109 copy.jpg,..\features\encoder_efficientnet_b0\img_0016_Corn_(maize)___healthy_6cace6d8-9be3-43f8-9e54-3b6.npz,efficientnet_b0,"(1280,)",float16,3686,2025-09-29T00:30:36.136756,Corn_(maize)_healthy
Tomato___healthy_3e4cc1b0-e071-4b9e-a944-21de55b99fc3___RS_HL 0292,..\data\Tomato___healthy\3e4cc1b0-e071-4b9e-a944-21de55b99fc3___RS_HL 0292.JPG,..\features\encoder_efficientnet_b0\img_0016_Tomato___healthy_3e4cc1b0-e071-4b9e-a944-21de55b99.npz,efficientnet_b0,"(1280,)",float16,3663,2025-09-29T00:31:19.103197,Tomato_healthy
Tomato___healthy_da5c938a-1baf-46cb-b1e6-c3bfef99b816___RS_HL 9981,..\data\Tomato___healthy\da5c938a-1baf-46cb-b1e6-c3bfef99b816___RS_HL 9981.JPG,..\features\encoder_efficientnet_b0\img_0016_Tomato___healthy_da5c938a-1baf-46cb-b1e6-c3bfef99b.npz,efficientnet_b0,"(1280,)",float16,3687,2025-09-29T00:31:15.849691,Tomato_healthy
Tomato___Leaf_Mold_41510736-fe3f-4ad7-888d-2b527f63672d___Crnl_L.Mold 8780,..\data\Tomato___Leaf_Mold\41510736-fe3f-4ad7-888d-2b527f63672d___Crnl_L.Mold 8780.JPG,..\features\encoder_efficientnet_b0\img_0016_Tomato___Leaf_Mold_41510736-fe3f-4ad7-888d-2b527f6.npz,efficientnet_b0,"(1280,)",float16,3658,2025-09-29T00:31:09.312131,Tomato_Leaf_Mold
Tomato___Spider_mites Two-spotted_spider_mite_7a8889b9-f108-4401-8c13-476f9a952161___Com.G_SpM_FL 9517,..\data\Tomato___Spider_mites Two-spotted_spider_mite\7a8889b9-f108-4401-8c13-476f9a952161___Com.G_SpM_FL 9517.JPG,..\features\encoder_efficientnet_b0\img_0016_Tomato___Spider_mites Two-spotted_spider_mite_7a88.npz,efficientnet_b0,"(1280,)",float16,3719,2025-09-29T00:31:12.559997,Tomato_Spider_mites Two-spotted_spider_mite
Corn_(maize)___Cercospora_leaf_spot Gray_leaf_spot_092e84d4-17cf-457d-a786-4f96c5bf076a___RS_GLSp 4434 copy,C:\Users\MadScie254\Documents\GitHub\Capstone-Lazarus\data\Corn_(maize)___Cercospora_leaf_spot Gray_leaf_spot\092e84d4-17cf-457d-a786-4f96c5bf076a___RS_GLSp 4434 copy.jpg,..\features\encoder_efficientnet_b0\img_0017_Corn_(maize)___Cercospora_leaf_spot Gray_leaf_spot_092e84d4-17cf-457d-a786-4f96c5bf076a___RS_GLSp 4434 copy.npz,efficientnet_b0,"(1280,)",float16,3571,2025-09-26T13:56:44.662732,Corn_(maize)_Cercospora_leaf_spot Gray_leaf_spot
Corn_(maize)___Common_rust__RS_Rust 1570,data\Corn_(maize)___Common_rust_\RS_Rust 1570.JPG,..\features\encoder_efficientnet_b0\img_0017_Corn_(maize)___Common_rust__RS_Rust 1570.npz,efficientnet_b0,"(1280,)",float16,3647,2025-09-26T14:20:33.446117,Corn_(maize)_
Corn_(maize)___healthy_e2e6d3f1-9f01-44e6-a466-0272b8663f8e___R.S_HL 8307 copy,..\data\Corn_(maize)___healthy\e2e6d3f1-9f01-44e6-a466-0272b8663f8e___R.S_HL 8307 copy.jpg,..\features\encoder_efficientnet_b0\img_0017_Corn_(maize)___healthy_e2e6d3f1-9f01-44e6-a466-027.npz,efficientnet_b0,"(1280,)",float16,3672,2025-09-29T00:31:09.315124,Corn_(maize)_healthy
Corn_(maize)___Northern_Leaf_Blight_undersampled_a34edad5-bf33-4d6c-bf2b-68a35c3f6987___RS_NLB 4181,..\data\Corn_(maize)___Northern_Leaf_Blight_undersampled\a34edad5-bf33-4d6c-bf2b-68a35c3f6987___RS_NLB 4181.JPG,..\features\encoder_efficientnet_b0\img_0017_Corn_(maize)___Northern_Leaf_Blight_undersampled_a.npz,efficientnet_b0,"(1280,)",float16,3779,2025-09-29T00:31:12.562993,Corn_(maize)_Northern_Leaf_Blight_undersampled
Tomato___healthy_5f887895-963a-4a96-8962-5af383dbe29a___GH_HL Leaf 425.1,..\data\Tomato___healthy\5f887895-963a-4a96-8962-5af383dbe29a___GH_HL Leaf 425.1.JPG,..\features\encoder_efficientnet_b0\img_0017_Tomato___healthy_5f887895-963a-4a96-8962-5af383dbe.npz,efficientnet_b0,"(1280,)",float16,3615,2025-09-29T00:30:36.138255,Tomato_healthy
Tomato___Septoria_leaf_spot_e8aed11f-46ec-4c63-954d-c1320d99040d___Matt.S_CG 6760,..\data\Tomato___Septoria_leaf_spot\e8aed11f-46ec-4c63-954d-c1320d99040d___Matt.S_CG 6760.JPG,..\features\encoder_efficientnet_b0\img_0017_Tomato___Septoria_leaf_spot_e8aed11f-46ec-4c63-954.npz,efficientnet_b0,"(1280,)",float16,3690,2025-09-29T00:31:15.853185,Tomato_Septoria_leaf_spot
Tomato___Tomato_Yellow_Leaf_Curl_Virus_b689c61e-2685-4c51-9b1c-a136bc61cae7___YLCV_NREC 0276,..\data\Tomato___Tomato_Yellow_Leaf_Curl_Virus\b689c61e-2685-4c51-9b1c-a136bc61cae7___YLCV_NREC 0276.JPG,..\features\encoder_efficientnet_b0\img_0017_Tomato___Tomato_Yellow_Leaf_Curl_Virus_b689c61e-26.npz,efficientnet_b0,"(1280,)",float16,3688,2025-09-29T00:31:19.107230,Tomato_Tomato_Yellow_Leaf_Curl_Virus
Corn_(maize)___Cercospora_leaf_spot Gray_leaf_spot_0995786c-d397-439a-bfeb-bd897cd431c8___RS_GLSp 9343,C:\Users\MadScie254\Documents\GitHub\Capstone-Lazarus\data\Corn_(maize)___Cercospora_leaf_spot Gray_leaf_spot\0995786c-d397-439a-bfeb-bd897cd431c8___RS_GLSp 9343.JPG,..\features\encoder_efficientnet_b0\img_0018_Corn_(maize)___Cercospora_leaf_spot Gray_leaf_spot_0995786c-d397-439a-bfeb-bd897cd431c8___RS_GLSp 9343.npz,efficientnet_b0,"(1280,)",float16,3580,2025-09-26T13:56:44.664630,Corn_(maize)_Cercospora_leaf_spot Gray_leaf_spot
Corn_(maize)___Common_rust__RS_Rust 1571,data\Corn_(maize)___Common_rust_\RS_Rust 1571.JPG,..\features\encoder_efficientnet_b0\img_0018_Corn_(maize)___Common_rust__RS_Rust 1571.npz,efficientnet_b0,"(1280,)",float16,3634,2025-09-26T14:20:33.447302,Corn_(maize)_
Potato___Late_blight_e986907b-6948-4c72-93d3-29cb795cc9a1___RS_LB 3837,..\data\Potato___Late_blight\e986907b-6948-4c72-93d3-29cb795cc9a1___RS_LB 3837.JPG,..\features\encoder_efficientnet_b0\img_0018_Potato___Late_blight_e986907b-6948-4c72-93d3-29cb7.npz,efficientnet_b0,"(1280,)",float16,3653,2025-09-29T00:30:36.141791,Potato_Late_blight
Tomato___Bacterial_spot_166a69a7-cae0-4e6e-ac75-bc207a5335f4___GCREC_Bact.Sp 5705,..\data\Tomato___Bacterial_spot\166a69a7-cae0-4e6e-ac75-bc207a5335f4___GCREC_Bact.Sp 5705.JPG,..\features\encoder_efficientnet_b0\img_0018_Tomato___Bacterial_spot_166a69a7-cae0-4e6e-ac75-bc.npz,efficientnet_b0,"(1280,)",float16,3620,2025-09-29T00:31:19.112733,Tomato_Bacterial_spot
Tomato___Bacterial_spot_78cfeab2-37b0-478d-ae48-7ecf27e5859f___GCREC_Bact.Sp 3401,..\data\Tomato___Bacterial_spot\78cfeab2-37b0-478d-ae48-7ecf27e5859f___GCREC_Bact.Sp 3401.JPG,..\features\encoder_efficientnet_b0\img_0018_Tomato___Bacterial_spot_78cfeab2-37b0-478d-ae48-7e.npz,efficientnet_b0,"(1280,)",float16,3628,2025-09-29T00:31:09.317123,Tomato_Bacterial_spot
Tomato___Bacterial_spot_8c2d8590-4fb3-4670-b2f0-384df42eb3a7___GCREC_Bact.Sp 5921,..\data\Tomato___Bacterial_spot\8c2d8590-4fb3-4670-b2f0-384df42eb3a7___GCREC_Bact.Sp 5921.JPG,..\features\encoder_efficientnet_b0\img_0018_Tomato___Bacterial_spot_8c2d8590-4fb3-4670-b2f0-38.npz,efficientnet_b0,"(1280,)",float16,3658,2025-09-29T00:31:15.859728,Tomato_Bacterial_spot
Tomato___Early_blight_6b9b4ddb-9ac0-4da5-9176-24c325bd6037___RS_Erly.B 7392,..\data\Tomato___Early_blight\6b9b4ddb-9ac0-4da5-9176-24c325bd6037___RS_Erly.B 7392.JPG,..\features\encoder_efficientnet_b0\img_0018_Tomato___Early_blight_6b9b4ddb-9ac0-4da5-9176-24c3.npz,efficientnet_b0,"(1280,)",float16,3650,2025-09-29T00:31:12.566494,Tomato_Early_blight
Corn_(maize)___Cercospora_leaf_spot Gray_leaf_spot_0a01cc10-3892-4311-9c48-0ac6ab3c7c43___RS_GLSp 9352,C:\Users\MadScie254\Documents\GitHub\Capstone-Lazarus\data\Corn_(maize)___Cercospora_leaf_spot Gray_leaf_spot\0a01cc10-3892-4311-9c48-0ac6ab3c7c43___RS_GLSp 9352.JPG,..\features\encoder_efficientnet_b0\img_0019_Corn_(maize)___Cercospora_leaf_spot Gray_leaf_spot_0a01cc10-3892-4311-9c48-0ac6ab3c7c43___RS_GLSp 9352.npz,efficientnet_b0,"(1280,)",float16,3579,2025-09-26T13:56:44.666629,Corn_(maize)_Cercospora_leaf_spot Gray_leaf_spot
Corn_(maize)___Common_rust__RS_Rust 1572,data\Corn_(maize)___Common_rust_\RS_Rust 1572.JPG,..\features\encoder_efficientnet_b0\img_0019_Corn_(maize)___Common_rust__RS_Rust 1572.npz,efficientnet_b0,"(1280,)",float16,3634,2025-09-26T14:20:33.448439,Corn_(maize)_
Corn_(maize)___healthy_ba5545b4-4812-42ed-94ee-73fa785156ad___R.S_HL 8227 copy 2,..\data\Corn_(maize)___healthy\ba5545b4-4812-42ed-94ee-73fa785156ad___R.S_HL 8227 copy 2.jpg,..\features\encoder_efficientnet_b0\img_0019_Corn_(maize)___healthy_ba5545b4-4812-42ed-94ee-73f.npz,efficientnet_b0,"(1280,)",float16,3677,2025-09-29T00:31:12.569495,Corn_(maize)_healthy
Corn_(maize)___Northern_Leaf_Blight_oversampled_11b9b0d7-738b-407b-8ca4-4c6500e6aebd___RS_NLB 3892,..\data\Corn_(maize)___Northern_Leaf_Blight_oversampled\11b9b0d7-738b-407b-8ca4-4c6500e6aebd___RS_NLB 3892.JPG,..\features\encoder_efficientnet_b0\img_0019_Corn_(maize)___Northern_Leaf_Blight_oversampled_11.npz,efficientnet_b0,"(1280,)",float16,3758,2025-09-29T00:30:36.146287,Corn_(maize)_Northern_Leaf_Blight_oversampled
Tomato___Early_blight_f7682a27-eeb7-4e22-89f0-df8531c5fb8f___RS_Erly.B 7728,..\data\Tomato___Early_blight\f7682a27-eeb7-4e22-89f0-df8531c5fb8f___RS_Erly.B 7728.JPG,..\features\encoder_efficientnet_b0\img_0019_Tomato___Early_blight_f7682a27-eeb7-4e22-89f0-df85.npz,efficientnet_b0,"(1280,)",float16,3678,2025-09-29T00:31:15.862727,Tomato_Early_blight
Tomato___Target_Spot_0fe7d644-dc8b-49f7-9a41-33ec029f6437___Com.G_TgS_FL 8274,..\data\Tomato___Target_Spot\0fe7d644-dc8b-49f7-9a41-33ec029f6437___Com.G_TgS_FL 8274.JPG,..\features\encoder_efficientnet_b0\img_0019_Tomato___Target_Spot_0fe7d644-dc8b-49f7-9a41-33ec0.npz,efficientnet_b0,"(1280,)",float16,3675,2025-09-29T00:31:09.319627,Tomato_Target_Spot
Tomato___Tomato_Yellow_Leaf_Curl_Virus_893b2607-341e-4a68-ace3-b0199d8d1961___UF.GRC_YLCV_Lab 02086,..\data\Tomato___Tomato_Yellow_Leaf_Curl_Virus\893b2607-341e-4a68-ace3-b0199d8d1961___UF.GRC_YLCV_Lab 02086.JPG,..\features\encoder_efficientnet_b0\img_0019_Tomato___Tomato_Yellow_Leaf_Curl_Virus_893b2607-34.npz,efficientnet_b0,"(1280,)",float16,3630,2025-09-29T00:31:19.116230,Tomato_Tomato_Yellow_Leaf_Curl_Virus
Corn_(maize)___Cercospora_leaf_spot Gray_leaf_spot_0a403456-5c5e-4aad-aa89-a118175c6ddd___RS_GLSp 4501,C:\Users\MadScie254\Documents\GitHub\Capstone-Lazarus\data\Corn_(maize)___Cercospora_leaf_spot Gray_leaf_spot\0a403456-5c5e-4aad-aa89-a118175c6ddd___RS_GLSp 4501.JPG,..\features\encoder_efficientnet_b0\img_0020_Corn_(maize)___Cercospora_leaf_spot Gray_leaf_spot_0a403456-5c5e-4aad-aa89-a118175c6ddd___RS_GLSp 4501.npz,efficientnet_b0,"(1280,)",float16,3585,2025-09-26T13:56:44.668380,Corn_(maize)_Cercospora_leaf_spot Gray_leaf_spot
Corn_(maize)___Common_rust__RS_Rust 1951,..\data\Corn_(maize)___Common_rust_\RS_Rust 1951.JPG,..\features\encoder_efficientnet_b0\img_0020_Corn_(maize)___Common_rust__RS_Rust 1951.npz,efficientnet_b0,"(1280,)",float16,3617,2025-09-29T00:31:15.865728,Corn_(maize)_Common_rust_
Corn_(maize)___Common_rust__RS_Rust 2675,..\data\Corn_(maize)___Common_rust_\RS_Rust 2675.JPG,..\features\encoder_efficientnet_b0\img_0020_Corn_(maize)___Common_rust__RS_Rust 2675.npz,efficientnet_b0,"(1280,)",float16,3583,2025-09-29T00:31:19.119228,Corn_(maize)_Common_rust_
Corn_(maize)___healthy_00031d74-076e-4aef-b040-e068cd3576eb___R.S_HL 8315 copy 2,data\Corn_(maize)___healthy\00031d74-076e-4aef-b040-e068cd3576eb___R.S_HL 8315 copy 2.jpg,..\features\encoder_efficientnet_b0\img_0020_Corn_(maize)___healthy_00031d74-076e-4aef-b040-e068cd3576eb___R.S_HL 8315 copy 2.npz,efficientnet_b0,"(1280,)",float16,3712,2025-09-26T14:20:33.449570,Corn_(maize)_
Potato___Late_blight_e71a27b3-20d5-40e8-ad01-4c1942d46654___RS_LB 4085,..\data\Potato___Late_blight\e71a27b3-20d5-40e8-ad01-4c1942d46654___RS_LB 4085.JPG,..\features\encoder_efficientnet_b0\img_0020_Potato___Late_blight_e71a27b3-20d5-40e8-ad01-4c194.npz,efficientnet_b0,"(1280,)",float16,3664,2025-09-29T00:31:09.322652,Potato_Late_blight
Tomato___Bacterial_spot_6b463262-379a-4694-affa-1030a9f4c087___GCREC_Bact.Sp 3366,..\data\Tomato___Bacterial_spot\6b463262-379a-4694-affa-1030a9f4c087___GCREC_Bact.Sp 3366.JPG,..\features\encoder_efficientnet_b0\img_0020_Tomato___Bacterial_spot_6b463262-379a-4694-affa-10.npz,efficientnet_b0,"(1280,)",float16,3695,2025-09-29T00:30:36.148287,Tomato_Bacterial_spot
Tomato___Tomato_Yellow_Leaf_Curl_Virus_626f0078-1b85-4638-9088-1bae86f5178d___UF.GRC_YLCV_Lab 02370,..\data\Tomato___Tomato_Yellow_Leaf_Curl_Virus\626f0078-1b85-4638-9088-1bae86f5178d___UF.GRC_YLCV_Lab 02370.JPG,..\features\encoder_efficientnet_b0\img_0020_Tomato___Tomato_Yellow_Leaf_Curl_Virus_626f0078-1b.npz,efficientnet_b0,"(1280,)",float16,3706,2025-09-29T00:31:12.572517,Tomato_Tomato_Yellow_Leaf_Curl_Virus
Corn_(maize)___Cercospora_leaf_spot Gray_leaf_spot_0b5492ee-253d-4a13-ad5a-780cb954b09a___RS_GLSp 4615 copy,C:\Users\MadScie254\Documents\GitHub\Capstone-Lazarus\data\Corn_(maize)___Cercospora_leaf_spot Gray_leaf_spot\0b5492ee-253d-4a13-ad5a-780cb954b09a___RS_GLSp 4615 copy.jpg,..\features\encoder_efficientnet_b0\img_0021_Corn_(maize)___Cercospora_leaf_spot Gray_leaf_spot_0b5492ee-253d-4a13-ad5a-780cb954b09a___RS_GLSp 4615 copy.npz,efficientnet_b0,"(1280,)",float16,3605,2025-09-26T13:56:44.670255,Corn_(maize)_Cercospora_leaf_spot Gray_leaf_spot
Corn_(maize)___healthy_00665f92-adb0-41eb-bba7-9eeadecfe10e___R.S_HL 8325 copy 2,data\Corn_(maize)___healthy\00665f92-adb0-41eb-bba7-9eeadecfe10e___R.S_HL 8325 copy 2.jpg,..\features\encoder_efficientnet_b0\img_0021_Corn_(maize)___healthy_00665f92-adb0-41eb-bba7-9eeadecfe10e___R.S_HL 8325 copy 2.npz,efficientnet_b0,"(1280,)",float16,3707,2025-09-26T14:20:33.451205,Corn_(maize)_
Tomato___Early_blight_c29f66a1-5df9-4bd7-a6cd-89a0d4a4cba5___RS_Erly.B 9608,..\data\Tomato___Early_blight\c29f66a1-5df9-4bd7-a6cd-89a0d4a4cba5___RS_Erly.B 9608.JPG,..\features\encoder_efficientnet_b0\img_0021_Tomato___Early_blight_c29f66a1-5df9-4bd7-a6cd-89a0.npz,efficientnet_b0,"(1280,)",float16,3713,2025-09-29T00:31:09.325154,Tomato_Early_blight
Tomato___Late_blight_04da342d-5952-4f2f-b19c-14cdc7fcb07b___GHLB2 Leaf 8716,..\data\Tomato___Late_blight\04da342d-5952-4f2f-b19c-14cdc7fcb07b___GHLB2 Leaf 8716.JPG,..\features\encoder_efficientnet_b0\img_0021_Tomato___Late_blight_04da342d-5952-4f2f-b19c-14cdc.npz,efficientnet_b0,"(1280,)",float16,3680,2025-09-29T00:31:15.867722,Tomato_Late_blight
Tomato___Septoria_leaf_spot_9d656cd5-90b4-4a7e-a72d-13fb6f3fd32b___Keller.St_CG 1830,..\data\Tomato___Septoria_leaf_spot\9d656cd5-90b4-4a7e-a72d-13fb6f3fd32b___Keller.St_CG 1830.JPG,..\features\encoder_efficientnet_b0\img_0021_Tomato___Septoria_leaf_spot_9d656cd5-90b4-4a7e-a72.npz,efficientnet_b0,"(1280,)",float16,3680,2025-09-29T00:30:36.150787,Tomato_Septoria_leaf_spot
Tomato___Tomato_Yellow_Leaf_Curl_Virus_1da4146e-31fa-4361-9ee9-dbd1545f85ec___UF.GRC_YLCV_Lab 02047,..\data\Tomato___Tomato_Yellow_Leaf_Curl_Virus\1da4146e-31fa-4361-9ee9-dbd1545f85ec___UF.GRC_YLCV_Lab 02047.JPG,..\features\encoder_efficientnet_b0\img_0021_Tomato___Tomato_Yellow_Leaf_Curl_Virus_1da4146e-31.npz,efficientnet_b0,"(1280,)",float16,3717,2025-09-29T00:31:12.577531,Tomato_Tomato_Yellow_Leaf_Curl_Virus
Tomato___Tomato_Yellow_Leaf_Curl_Virus_2d153f37-e9ff-4f1b-a1f1-cca1cb109440___YLCV_NREC 2065,..\data\Tomato___Tomato_Yellow_Leaf_Curl_Virus\2d153f37-e9ff-4f1b-a1f1-cca1cb109440___YLCV_NREC 2065.JPG,..\features\encoder_efficientnet_b0\img_0021_Tomato___Tomato_Yellow_Leaf_Curl_Virus_2d153f37-e9.npz,efficientnet_b0,"(1280,)",float16,3699,2025-09-29T00:31:19.125295,Tomato_Tomato_Yellow_Leaf_Curl_Virus
Corn_(maize)___Cercospora_leaf_spot Gray_leaf_spot_0ba90f90-3702-438a-908b-85871f3a34cb___RS_GLSp 4342,C:\Users\MadScie254\Documents\GitHub\Capstone-Lazarus\data\Corn_(maize)___Cercospora_leaf_spot Gray_leaf_spot\0ba90f90-3702-438a-908b-85871f3a34cb___RS_GLSp 4342.JPG,..\features\encoder_efficientnet_b0\img_0022_Corn_(maize)___Cercospora_leaf_spot Gray_leaf_spot_0ba90f90-3702-438a-908b-85871f3a34cb___RS_GLSp 4342.npz,efficientnet_b0,"(1280,)",float16,3580,2025-09-26T13:56:44.672636,Corn_(maize)_Cercospora_leaf_spot Gray_leaf_spot
Corn_(maize)___healthy_01c3bf88-d315-42a3-8fa1-fc80a05c97f1___R.S_HL 8189 copy,data\Corn_(maize)___healthy\01c3bf88-d315-42a3-8fa1-fc80a05c97f1___R.S_HL 8189 copy.jpg,..\features\encoder_efficientnet_b0\img_0022_Corn_(maize)___healthy_01c3bf88-d315-42a3-8fa1-fc80a05c97f1___R.S_HL 8189 copy.npz,efficientnet_b0,"(1280,)",float16,3681,2025-09-26T14:20:33.453448,Corn_(maize)_
Potato___healthy_1106c3fc-92cb-41a6-a6c6-8f08b9b45108___RS_HL 1914,..\data\Potato___healthy\1106c3fc-92cb-41a6-a6c6-8f08b9b45108___RS_HL 1914.JPG,..\features\encoder_efficientnet_b0\img_0022_Potato___healthy_1106c3fc-92cb-41a6-a6c6-8f08b9b45.npz,efficientnet_b0,"(1280,)",float16,3655,2025-09-29T00:30:36.153291,Potato_healthy
Tomato___Bacterial_spot_b6693ee1-8345-4796-9b9b-33d968e1e66f___GCREC_Bact.Sp 3097,..\data\Tomato___Bacterial_spot\b6693ee1-8345-4796-9b9b-33d968e1e66f___GCREC_Bact.Sp 3097.JPG,..\features\encoder_efficientnet_b0\img_0022_Tomato___Bacterial_spot_b6693ee1-8345-4796-9b9b-33.npz,efficientnet_b0,"(1280,)",float16,3694,2025-09-29T00:31:12.581047,Tomato_Bacterial_spot
Tomato___healthy_791d2730-66b2-418b-abe0-548208783e44___RS_HL 0589,..\data\Tomato___healthy\791d2730-66b2-418b-abe0-548208783e44___RS_HL 0589.JPG,..\features\encoder_efficientnet_b0\img_0022_Tomato___healthy_791d2730-66b2-418b-abe0-548208783.npz,efficientnet_b0,"(1280,)",float16,3669,2025-09-29T00:31:19.128296,Tomato_healthy
Tomato___Late_blight_19369d60-553a-416b-9378-84f4a1d203d9___GHLB2 Leaf 9006,..\data\Tomato___Late_blight\19369d60-553a-416b-9378-84f4a1d203d9___GHLB2 Leaf 9006.JPG,..\features\encoder_efficientnet_b0\img_0022_Tomato___Late_blight_19369d60-553a-416b-9378-84f4a.npz,efficientnet_b0,"(1280,)",float16,3680,2025-09-29T00:31:09.330155,Tomato_Late_blight
Tomato___Tomato_Yellow_Leaf_Curl_Virus_ca1ec300-5c67-4746-8342-ade53f3d3bdb___YLCV_GCREC 2379,..\data\Tomato___Tomato_Yellow_Leaf_Curl_Virus\ca1ec300-5c67-4746-8342-ade53f3d3bdb___YLCV_GCREC 2379.JPG,..\features\encoder_efficientnet_b0\img_0022_Tomato___Tomato_Yellow_Leaf_Curl_Virus_ca1ec300-5c.npz,efficientnet_b0,"(1280,)",float16,3692,2025-09-29T00:31:15.870222,Tomato_Tomato_Yellow_Leaf_Curl_Virus
Corn_(maize)___Cercospora_leaf_spot Gray_leaf_spot_0c5973d2-b9e1-473c-a5d6-8e9854b918b9___RS_GLSp 9340,C:\Users\MadScie254\Documents\GitHub\Capstone-Lazarus\data\Corn_(maize)___Cercospora_leaf_spot Gray_leaf_spot\0c5973d2-b9e1-473c-a5d6-8e9854b918b9___RS_GLSp 9340.JPG,..\features\encoder_efficientnet_b0\img_0023_Corn_(maize)___Cercospora_leaf_spot Gray_leaf_spot_0c5973d2-b9e1-473c-a5d6-8e9854b918b9___RS_GLSp 9340.npz,efficientnet_b0,"(1280,)",float16,3596,2025-09-26T13:56:44.674728,Corn_(maize)_Cercospora_leaf_spot Gray_leaf_spot
Corn_(maize)___healthy_026bd735-b9f4-4eab-86f3-23df15dbec95___R.S_HL 7938 copy,data\Corn_(maize)___healthy\026bd735-b9f4-4eab-86f3-23df15dbec95___R.S_HL 7938 copy.jpg,..\features\encoder_efficientnet_b0\img_0023_Corn_(maize)___healthy_026bd735-b9f4-4eab-86f3-23df15dbec95___R.S_HL 7938 copy.npz,efficientnet_b0,"(1280,)",float16,3734,2025-09-26T14:20:33.455110,Corn_(maize)_
Corn_(maize)___Northern_Leaf_Blight_dac28004-9243-45ab-a3ff-03edff04e8d1___RS_NLB 3613,..\data\Corn_(maize)___Northern_Leaf_Blight\dac28004-9243-45ab-a3ff-03edff04e8d1___RS_NLB 3613.JPG,..\features\encoder_efficientnet_b0\img_0023_Corn_(maize)___Northern_Leaf_Blight_dac28004-9243-.npz,efficientnet_b0,"(1280,)",float16,3733,2025-09-29T00:31:19.131301,Corn_(maize)_Northern_Leaf_Blight
Tomato___Tomato_Yellow_Leaf_Curl_Virus_0c6d4620-cb78-4896-884d-b07cef71dfd3___YLCV_NREC 2640,..\data\Tomato___Tomato_Yellow_Leaf_Curl_Virus\0c6d4620-cb78-4896-884d-b07cef71dfd3___YLCV_NREC 2640.JPG,..\features\encoder_efficientnet_b0\img_0023_Tomato___Tomato_Yellow_Leaf_Curl_Virus_0c6d4620-cb.npz,efficientnet_b0,"(1280,)",float16,3730,2025-09-29T00:30:36.155807,Tomato_Tomato_Yellow_Leaf_Curl_Virus
Tomato___Tomato_Yellow_Leaf_Curl_Virus_3a981142-5556-45fb-9038-696cbf486480___UF.GRC_YLCV_Lab 02336,..\data\Tomato___Tomato_Yellow_Leaf_Curl_Virus\3a981142-5556-45fb-9038-696cbf486480___UF.GRC_YLCV_Lab 02336.JPG,..\features\encoder_efficientnet_b0\img_0023_Tomato___Tomato_Yellow_Leaf_Curl_Virus_3a981142-55.npz,efficientnet_b0,"(1280,)",float16,3711,2025-09-29T00:31:12.584042,Tomato_Tomato_Yellow_Leaf_Curl_Virus
Tomato___Tomato_Yellow_Leaf_Curl_Virus_3cb86ee4-88dd-45e0-99cc-6dfed27919bf___UF.GRC_YLCV_Lab 01426,..\data\Tomato___Tomato_Yellow_Leaf_Curl_Virus\3cb86ee4-88dd-45e0-99cc-6dfed27919bf___UF.GRC_YLCV_Lab 01426.JPG,..\features\encoder_efficientnet_b0\img_0023_Tomato___Tomato_Yellow_Leaf_Curl_Virus_3cb86ee4-88.npz,efficientnet_b0,"(1280,)",float16,3716,2025-09-29T00:31:09.332659,Tomato_Tomato_Yellow_Leaf_Curl_Virus
Tomato___Tomato_Yellow_Leaf_Curl_Virus_6369205c-4f3f-4db6-a527-00bb7fe15384___UF.GRC_YLCV_Lab 02060,..\data\Tomato___Tomato_Yellow_Leaf_Curl_Virus\6369205c-4f3f-4db6-a527-00bb7fe15384___UF.GRC_YLCV_Lab 02060.JPG,..\features\encoder_efficientnet_b0\img_0023_Tomato___Tomato_Yellow_Leaf_Curl_Virus_6369205c-4f.npz,efficientnet_b0,"(1280,)",float16,3697,2025-09-29T00:31:15.873756,Tomato_Tomato_Yellow_Leaf_Curl_Virus
Corn_(maize)___Cercospora_leaf_spot Gray_leaf_spot_0ce6543f-9694-4b3a-b767-9bc909f54f73___RS_GLSp 4663 copy,C:\Users\MadScie254\Documents\GitHub\Capstone-Lazarus\data\Corn_(maize)___Cercospora_leaf_spot Gray_leaf_spot\0ce6543f-9694-4b3a-b767-9bc909f54f73___RS_GLSp 4663 copy.jpg,..\features\encoder_efficientnet_b0\img_0024_Corn_(maize)___Cercospora_leaf_spot Gray_leaf_spot_0ce6543f-9694-4b3a-b767-9bc909f54f73___RS_GLSp 4663 copy.npz,efficientnet_b0,"(1280,)",float16,3589,2025-09-26T13:56:44.743357,Corn_(maize)_Cercospora_leaf_spot Gray_leaf_spot
Corn_(maize)___healthy_028ed539-32f5-4540-a6af-466179837de9___R.S_HL 8212 copy,data\Corn_(maize)___healthy\028ed539-32f5-4540-a6af-466179837de9___R.S_HL 8212 copy.jpg,..\features\encoder_efficientnet_b0\img_0024_Corn_(maize)___healthy_028ed539-32f5-4540-a6af-466179837de9___R.S_HL 8212 copy.npz,efficientnet_b0,"(1280,)",float16,3700,2025-09-26T14:20:33.515150,Corn_(maize)_
Corn_(maize)___Northern_Leaf_Blight_undersampled_87ae7169-5770-493e-93c2-761f6e885bad___RS_NLB 0816,..\data\Corn_(maize)___Northern_Leaf_Blight_undersampled\87ae7169-5770-493e-93c2-761f6e885bad___RS_NLB 0816.JPG,..\features\encoder_efficientnet_b0\img_0024_Corn_(maize)___Northern_Leaf_Blight_undersampled_8.npz,efficientnet_b0,"(1280,)",float16,3757,2025-09-29T00:30:36.158833,Corn_(maize)_Northern_Leaf_Blight_undersampled
Tomato___Early_blight_69e0581c-14a5-42d8-ad48-4f689d05632f___RS_Erly.B 6432,..\data\Tomato___Early_blight\69e0581c-14a5-42d8-ad48-4f689d05632f___RS_Erly.B 6432.JPG,..\features\encoder_efficientnet_b0\img_0024_Tomato___Early_blight_69e0581c-14a5-42d8-ad48-4f68.npz,efficientnet_b0,"(1280,)",float16,3685,2025-09-29T00:31:09.336157,Tomato_Early_blight
Tomato___Early_blight_73bbd57a-8733-4b2a-a38d-f304ea890c62___RS_Erly.B 9548,..\data\Tomato___Early_blight\73bbd57a-8733-4b2a-a38d-f304ea890c62___RS_Erly.B 9548.JPG,..\features\encoder_efficientnet_b0\img_0024_Tomato___Early_blight_73bbd57a-8733-4b2a-a38d-f304.npz,efficientnet_b0,"(1280,)",float16,3669,2025-09-29T00:31:15.878254,Tomato_Early_blight
Tomato___Spider_mites Two-spotted_spider_mite_515b6f36-73a7-4535-b7c4-0ead02abd698___Com.G_SpM_FL 1589,..\data\Tomato___Spider_mites Two-spotted_spider_mite\515b6f36-73a7-4535-b7c4-0ead02abd698___Com.G_SpM_FL 1589.JPG,..\features\encoder_efficientnet_b0\img_0024_Tomato___Spider_mites Two-spotted_spider_mite_515b.npz,efficientnet_b0,"(1280,)",float16,3708,2025-09-29T00:31:19.133295,Tomato_Spider_mites Two-spotted_spider_mite
Tomato___Target_Spot_58a5c7b3-241c-4bb5-b059-825a8da439b8___Com.G_TgS_FL 8264,..\data\Tomato___Target_Spot\58a5c7b3-241c-4bb5-b059-825a8da439b8___Com.G_TgS_FL 8264.JPG,..\features\encoder_efficientnet_b0\img_0024_Tomato___Target_Spot_58a5c7b3-241c-4bb5-b059-825a8.npz,efficientnet_b0,"(1280,)",float16,3701,2025-09-29T00:31:12.587045,Tomato_Target_Spot
Corn_(maize)___Cercospora_leaf_spot Gray_leaf_spot_0d13a6d5-7993-4a5d-beb1-4f38b7805fac___RS_GLSp 9303,C:\Users\MadScie254\Documents\GitHub\Capstone-Lazarus\data\Corn_(maize)___Cercospora_leaf_spot Gray_leaf_spot\0d13a6d5-7993-4a5d-beb1-4f38b7805fac___RS_GLSp 9303.JPG,..\features\encoder_efficientnet_b0\img_0025_Corn_(maize)___Cercospora_leaf_spot Gray_leaf_spot_0d13a6d5-7993-4a5d-beb1-4f38b7805fac___RS_GLSp 9303.npz,efficientnet_b0,"(1280,)",float16,3613,2025-09-26T13:56:44.745922,Corn_(maize)_Cercospora_leaf_spot Gray_leaf_spot
Corn_(maize)___healthy_0292a37f-07d0-401f-83d8-cde4c98547d8___R.S_HL 0630 copy 2,data\Corn_(maize)___healthy\0292a37f-07d0-401f-83d8-cde4c98547d8___R.S_HL 0630 copy 2.jpg,..\features\encoder_efficientnet_b0\img_0025_Corn_(maize)___healthy_0292a37f-07d0-401f-83d8-cde4c98547d8___R.S_HL 0630 copy 2.npz,efficientnet_b0,"(1280,)",float16,3691,2025-09-26T14:20:33.516583,Corn_(maize)_
Potato___healthy_875d6ded-5f01-495c-a945-ad2e17f87f91___RS_HL 1848,..\data\Potato___healthy\875d6ded-5f01-495c-a945-ad2e17f87f91___RS_HL 1848.JPG,..\features\encoder_efficientnet_b0\img_0025_Potato___healthy_875d6ded-5f01-495c-a945-ad2e17f87.npz,efficientnet_b0,"(1280,)",float16,3633,2025-09-29T00:31:12.590576,Potato_healthy
Tomato___Early_blight_611a3c58-8a99-401e-9745-592b55bddb85___RS_Erly.B 7679,..\data\Tomato___Early_blight\611a3c58-8a99-401e-9745-592b55bddb85___RS_Erly.B 7679.JPG,..\features\encoder_efficientnet_b0\img_0025_Tomato___Early_blight_611a3c58-8a99-401e-9745-592b.npz,efficientnet_b0,"(1280,)",float16,3677,2025-09-29T00:31:15.881754,Tomato_Early_blight
Tomato___Early_blight_74b3c6cf-a35b-481b-aa22-7483a52bff76___RS_Erly.B 7792,..\data\Tomato___Early_blight\74b3c6cf-a35b-481b-aa22-7483a52bff76___RS_Erly.B 7792.JPG,..\features\encoder_efficientnet_b0\img_0025_Tomato___Early_blight_74b3c6cf-a35b-481b-aa22-7483.npz,efficientnet_b0,"(1280,)",float16,3669,2025-09-29T00:31:09.338670,Tomato_Early_blight
Tomato___Septoria_leaf_spot_e65190f0-97e9-44a6-bcb8-9fe7d42e9200___Matt.S_CG 7413,..\data\Tomato___Septoria_leaf_spot\e65190f0-97e9-44a6-bcb8-9fe7d42e9200___Matt.S_CG 7413.JPG,..\features\encoder_efficientnet_b0\img_0025_Tomato___Septoria_leaf_spot_e65190f0-97e9-44a6-bcb.npz,efficientnet_b0,"(1280,)",float16,3713,2025-09-29T00:30:36.160831,Tomato_Septoria_leaf_spot
Tomato___Spider_mites Two-spotted_spider_mite_03e18a00-ffbd-4863-a0c5-7c597c09b025___Com.G_SpM_FL 8798,..\data\Tomato___Spider_mites Two-spotted_spider_mite\03e18a00-ffbd-4863-a0c5-7c597c09b025___Com.G_SpM_FL 8798.JPG,..\features\encoder_efficientnet_b0\img_0025_Tomato___Spider_mites Two-spotted_spider_mite_03e1.npz,efficientnet_b0,"(1280,)",float16,3731,2025-09-29T00:31:19.135792,Tomato_Spider_mites Two-spotted_spider_mite
Corn_(maize)___Cercospora_leaf_spot Gray_leaf_spot_0dbbcb82-756e-48a6-94f4-3a8f1e1cedda___RS_GLSp 4587,C:\Users\MadScie254\Documents\GitHub\Capstone-Lazarus\data\Corn_(maize)___Cercospora_leaf_spot Gray_leaf_spot\0dbbcb82-756e-48a6-94f4-3a8f1e1cedda___RS_GLSp 4587.JPG,..\features\encoder_efficientnet_b0\img_0026_Corn_(maize)___Cercospora_leaf_spot Gray_leaf_spot_0dbbcb82-756e-48a6-94f4-3a8f1e1cedda___RS_GLSp 4587.npz,efficientnet_b0,"(1280,)",float16,3601,2025-09-26T13:56:44.748142,Corn_(maize)_Cercospora_leaf_spot Gray_leaf_spot
Corn_(maize)___healthy_02ab8d66-0385-43db-855a-ea5f8811ebd5___R.S_HL 7954 copy,data\Corn_(maize)___healthy\02ab8d66-0385-43db-855a-ea5f8811ebd5___R.S_HL 7954 copy.jpg,..\features\encoder_efficientnet_b0\img_0026_Corn_(maize)___healthy_02ab8d66-0385-43db-855a-ea5f8811ebd5___R.S_HL 7954 copy.npz,efficientnet_b0,"(1280,)",float16,3646,2025-09-26T14:20:33.518789,Corn_(maize)_
Tomato___Late_blight_74e2dac2-ae38-4349-8d26-7e694fdad667___RS_Late.B 5185,..\data\Tomato___Late_blight\74e2dac2-ae38-4349-8d26-7e694fdad667___RS_Late.B 5185.JPG,..\features\encoder_efficientnet_b0\img_0026_Tomato___Late_blight_74e2dac2-ae38-4349-8d26-7e694.npz,efficientnet_b0,"(1280,)",float16,3692,2025-09-29T00:31:15.884759,Tomato_Late_blight
Tomato___Leaf_Mold_9b961aee-be12-4ae3-ac91-a896d4c00cf7___Crnl_L.Mold 6941,..\data\Tomato___Leaf_Mold\9b961aee-be12-4ae3-ac91-a896d4c00cf7___Crnl_L.Mold 6941.JPG,..\features\encoder_efficientnet_b0\img_0026_Tomato___Leaf_Mold_9b961aee-be12-4ae3-ac91-a896d4c.npz,efficientnet_b0,"(1280,)",float16,3676,2025-09-29T00:31:09.340682,Tomato_Leaf_Mold
Tomato___Septoria_leaf_spot_c280146e-f898-446c-a1e2-af20cc2b0251___Keller.St_CG 1884,..\data\Tomato___Septoria_leaf_spot\c280146e-f898-446c-a1e2-af20cc2b0251___Keller.St_CG 1884.JPG,..\features\encoder_efficientnet_b0\img_0026_Tomato___Septoria_leaf_spot_c280146e-f898-446c-a1e.npz,efficientnet_b0,"(1280,)",float16,3686,2025-09-29T00:31:19.139330,Tomato_Septoria_leaf_spot
Tomato___Spider_mites Two-spotted_spider_mite_e822150a-b772-4815-b536-8b8c43381bc6___Com.G_SpM_FL 8849,..\data\Tomato___Spider_mites Two-spotted_spider_mite\e822150a-b772-4815-b536-8b8c43381bc6___Com.G_SpM_FL 8849.JPG,..\features\encoder_efficientnet_b0\img_0026_Tomato___Spider_mites Two-spotted_spider_mite_e822.npz,efficientnet_b0,"(1280,)",float16,3737,2025-09-29T00:30:36.162834,Tomato_Spider_mites Two-spotted_spider_mite
Tomato___Tomato_Yellow_Leaf_Curl_Virus_101849ce-d61a-4c2f-a6a7-8da0d71f237e___YLCV_NREC 2725,..\data\Tomato___Tomato_Yellow_Leaf_Curl_Virus\101849ce-d61a-4c2f-a6a7-8da0d71f237e___YLCV_NREC 2725.JPG,..\features\encoder_efficientnet_b0\img_0026_Tomato___Tomato_Yellow_Leaf_Curl_Virus_101849ce-d6.npz,efficientnet_b0,"(1280,)",float16,3735,2025-09-29T00:31:12.594585,Tomato_Tomato_Yellow_Leaf_Curl_Virus
Corn_(maize)___Cercospora_leaf_spot Gray_leaf_spot_0e0ed08d-3021-49a7-9098-7c90afeb2fd5___RS_GLSp 4346,C:\Users\MadScie254\Documents\GitHub\Capstone-Lazarus\data\Corn_(maize)___Cercospora_leaf_spot Gray_leaf_spot\0e0ed08d-3021-49a7-9098-7c90afeb2fd5___RS_GLSp 4346.JPG,..\features\encoder_efficientnet_b0\img_0027_Corn_(maize)___Cercospora_leaf_spot Gray_leaf_spot_0e0ed08d-3021-49a7-9098-7c90afeb2fd5___RS_GLSp 4346.npz,efficientnet_b0,"(1280,)",float16,3595,2025-09-26T13:56:44.751002,Corn_(maize)_Cercospora_leaf_spot Gray_leaf_spot
Corn_(maize)___Common_rust__RS_Rust 1829,..\data\Corn_(maize)___Common_rust_\RS_Rust 1829.JPG,..\features\encoder_efficientnet_b0\img_0027_Corn_(maize)___Common_rust__RS_Rust 1829.npz,efficientnet_b0,"(1280,)",float16,3606,2025-09-29T00:31:12.597572,Corn_(maize)_Common_rust_
Corn_(maize)___healthy_02e76b75-f201-44ee-a694-35edf97cc82b___R.S_HL 8015 copy,data\Corn_(maize)___healthy\02e76b75-f201-44ee-a694-35edf97cc82b___R.S_HL 8015 copy.jpg,..\features\encoder_efficientnet_b0\img_0027_Corn_(maize)___healthy_02e76b75-f201-44ee-a694-35edf97cc82b___R.S_HL 8015 copy.npz,efficientnet_b0,"(1280,)",float16,3745,2025-09-26T14:20:33.520883,Corn_(maize)_
Corn_(maize)___healthy_3a668261-388a-45c1-8a8e-584cb3966bf0___R.S_HL 8071 copy,..\data\Corn_(maize)___healthy\3a668261-388a-45c1-8a8e-584cb3966bf0___R.S_HL 8071 copy.jpg,..\features\encoder_efficientnet_b0\img_0027_Corn_(maize)___healthy_3a668261-388a-45c1-8a8e-584.npz,efficientnet_b0,"(1280,)",float16,3694,2025-09-29T00:30:36.165336,Corn_(maize)_healthy
Corn_(maize)___Northern_Leaf_Blight_b38b6bec-d15d-4ae2-bff4-a903feb636a3___RS_NLB 4139,..\data\Corn_(maize)___Northern_Leaf_Blight\b38b6bec-d15d-4ae2-bff4-a903feb636a3___RS_NLB 4139.JPG,..\features\encoder_efficientnet_b0\img_0027_Corn_(maize)___Northern_Leaf_Blight_b38b6bec-d15d-.npz,efficientnet_b0,"(1280,)",float16,3738,2025-09-29T00:31:19.142830,Corn_(maize)_Northern_Leaf_Blight
Tomato___Septoria_leaf_spot_31aa2d68-efd3-4b8a-a320-1ebb2dc7a4dd___Matt.S_CG 7571,..\data\Tomato___Septoria_leaf_spot\31aa2d68-efd3-4b8a-a320-1ebb2dc7a4dd___Matt.S_CG 7571.JPG,..\features\encoder_efficientnet_b0\img_0027_Tomato___Septoria_leaf_spot_31aa2d68-efd3-4b8a-a32.npz,efficientnet_b0,"(1280,)",float16,3724,2025-09-29T00:31:15.887763,Tomato_Septoria_leaf_spot
Tomato___Tomato_Yellow_Leaf_Curl_Virus_aa534e0f-fd7a-4b25-890e-669b1f624306___YLCV_GCREC 5337,..\data\Tomato___Tomato_Yellow_Leaf_Curl_Virus\aa534e0f-fd7a-4b25-890e-669b1f624306___YLCV_GCREC 5337.JPG,..\features\encoder_efficientnet_b0\img_0027_Tomato___Tomato_Yellow_Leaf_Curl_Virus_aa534e0f-fd.npz,efficientnet_b0,"(1280,)",float16,3662,2025-09-29T00:31:09.344678,Tomato_Tomato_Yellow_Leaf_Curl_Virus
Corn_(maize)___Cercospora_leaf_spot Gray_leaf_spot_0f08ab4f-caf6-4e50-a399-000e4e9841a0___RS_GLSp 4623,C:\Users\MadScie254\Documents\GitHub\Capstone-Lazarus\data\Corn_(maize)___Cercospora_leaf_spot Gray_leaf_spot\0f08ab4f-caf6-4e50-a399-000e4e9841a0___RS_GLSp 4623.JPG,..\features\encoder_efficientnet_b0\img_0028_Corn_(maize)___Cercospora_leaf_spot Gray_leaf_spot_0f08ab4f-caf6-4e50-a399-000e4e9841a0___RS_GLSp 4623.npz,efficientnet_b0,"(1280,)",float16,3590,2025-09-26T13:56:44.753430,Corn_(maize)_Cercospora_leaf_spot Gray_leaf_spot
Corn_(maize)___healthy_03000565-29dc-4d56-8132-a5d0d36a8359___R.S_HL 0602,data\Corn_(maize)___healthy\03000565-29dc-4d56-8132-a5d0d36a8359___R.S_HL 0602.JPG,..\features\encoder_efficientnet_b0\img_0028_Corn_(maize)___healthy_03000565-29dc-4d56-8132-a5d0d36a8359___R.S_HL 0602.npz,efficientnet_b0,"(1280,)",float16,3674,2025-09-26T14:20:33.522504,Corn_(maize)_
Tomato___Late_blight_b6a42b14-eb81-4e7b-9ca7-be9bed86c3b8___GHLB Leaf 1.5 Day 12,..\data\Tomato___Late_blight\b6a42b14-eb81-4e7b-9ca7-be9bed86c3b8___GHLB Leaf 1.5 Day 12.JPG,..\features\encoder_efficientnet_b0\img_0028_Tomato___Late_blight_b6a42b14-eb81-4e7b-9ca7-be9be.npz,efficientnet_b0,"(1280,)",float16,3697,2025-09-29T00:31:15.891321,Tomato_Late_blight
Tomato___Late_blight_bf6cc0d5-0c8c-4a49-80d1-970c3e691073___RS_Late.B 4987,..\data\Tomato___Late_blight\bf6cc0d5-0c8c-4a49-80d1-970c3e691073___RS_Late.B 4987.JPG,..\features\encoder_efficientnet_b0\img_0028_Tomato___Late_blight_bf6cc0d5-0c8c-4a49-80d1-970c3.npz,efficientnet_b0,"(1280,)",float16,3696,2025-09-29T00:30:36.167331,Tomato_Late_blight
Tomato___Target_Spot_d9a0ed7a-8257-4002-b0b8-fa0c5f17028d___Com.G_TgS_FL 9788,..\data\Tomato___Target_Spot\d9a0ed7a-8257-4002-b0b8-fa0c5f17028d___Com.G_TgS_FL 9788.JPG,..\features\encoder_efficientnet_b0\img_0028_Tomato___Target_Spot_d9a0ed7a-8257-4002-b0b8-fa0c5.npz,efficientnet_b0,"(1280,)",float16,3681,2025-09-29T00:31:09.348179,Tomato_Target_Spot
Tomato___Tomato_Yellow_Leaf_Curl_Virus_8a2c7bc1-fa13-4ecc-bb4e-30a71ff99ce1___YLCV_GCREC 2106,..\data\Tomato___Tomato_Yellow_Leaf_Curl_Virus\8a2c7bc1-fa13-4ecc-bb4e-30a71ff99ce1___YLCV_GCREC 2106.JPG,..\features\encoder_efficientnet_b0\img_0028_Tomato___Tomato_Yellow_Leaf_Curl_Virus_8a2c7bc1-fa.npz,efficientnet_b0,"(1280,)",float16,3752,2025-09-29T00:31:12.599574,Tomato_Tomato_Yellow_Leaf_Curl_Virus
Tomato___Tomato_Yellow_Leaf_Curl_Virus_c80105d0-0614-4bb1-9490-02b911d94703___YLCV_GCREC 2010,..\data\Tomato___Tomato_Yellow_Leaf_Curl_Virus\c80105d0-0614-4bb1-9490-02b911d94703___YLCV_GCREC 2010.JPG,..\features\encoder_efficientnet_b0\img_0028_Tomato___Tomato_Yellow_Leaf_Curl_Virus_c80105d0-06.npz,efficientnet_b0,"(1280,)",float16,3716,2025-09-29T00:31:19.146829,Tomato_Tomato_Yellow_Leaf_Curl_Virus
Corn_(maize)___Cercospora_leaf_spot Gray_leaf_spot_0f36d500-e463-44ef-82ae-fb1ca5012335___RS_GLSp 9321,C:\Users\MadScie254\Documents\GitHub\Capstone-Lazarus\data\Corn_(maize)___Cercospora_leaf_spot Gray_leaf_spot\0f36d500-e463-44ef-82ae-fb1ca5012335___RS_GLSp 9321.JPG,..\features\encoder_efficientnet_b0\img_0029_Corn_(maize)___Cercospora_leaf_spot Gray_leaf_spot_0f36d500-e463-44ef-82ae-fb1ca5012335___RS_GLSp 9321.npz,efficientnet_b0,"(1280,)",float16,3566,2025-09-26T13:56:44.756662,Corn_(maize)_Cercospora_leaf_spot Gray_leaf_spot
Corn_(maize)___healthy_0305800e-de91-4742-b923-f9a1c0799392___R.S_HL 8116 copy,data\Corn_(maize)___healthy\0305800e-de91-4742-b923-f9a1c0799392___R.S_HL 8116 copy.jpg,..\features\encoder_efficientnet_b0\img_0029_Corn_(maize)___healthy_0305800e-de91-4742-b923-f9a1c0799392___R.S_HL 8116 copy.npz,efficientnet_b0,"(1280,)",float16,3655,2025-09-26T14:20:33.524175,Corn_(maize)_
Corn_(maize)___Northern_Leaf_Blight_oversampled_a74f0a0e-7067-4e6d-9030-d576034f1736___RS_NLB  4508 copy,..\data\Corn_(maize)___Northern_Leaf_Blight_oversampled\a74f0a0e-7067-4e6d-9030-d576034f1736___RS_NLB  4508 copy.jpg,..\features\encoder_efficientnet_b0\img_0029_Corn_(maize)___Northern_Leaf_Blight_oversampled_a7.npz,efficientnet_b0,"(1280,)",float16,3772,2025-09-29T00:31:19.150329,Corn_(maize)_Northern_Leaf_Blight_oversampled
Corn_(maize)___Northern_Leaf_Blight_undersampled_56a583b2-13e9-4b37-9afb-473a2146889f___RS_NLB 4210,..\data\Corn_(maize)___Northern_Leaf_Blight_undersampled\56a583b2-13e9-4b37-9afb-473a2146889f___RS_NLB 4210.JPG,..\features\encoder_efficientnet_b0\img_0029_Corn_(maize)___Northern_Leaf_Blight_undersampled_5.npz,efficientnet_b0,"(1280,)",float16,3747,2025-09-29T00:31:09.350684,Corn_(maize)_Northern_Leaf_Blight_undersampled
Tomato___Bacterial_spot_b9d33a88-ed9a-4e64-a83e-b3deff976155___GCREC_Bact.Sp 3059,..\data\Tomato___Bacterial_spot\b9d33a88-ed9a-4e64-a83e-b3deff976155___GCREC_Bact.Sp 3059.JPG,..\features\encoder_efficientnet_b0\img_0029_Tomato___Bacterial_spot_b9d33a88-ed9a-4e64-a83e-b3.npz,efficientnet_b0,"(1280,)",float16,3668,2025-09-29T00:31:12.602071,Tomato_Bacterial_spot
Tomato___Septoria_leaf_spot_fbd92c9a-47de-431a-b3cb-fb25193b1e09___Keller.St_CG 2045,..\data\Tomato___Septoria_leaf_spot\fbd92c9a-47de-431a-b3cb-fb25193b1e09___Keller.St_CG 2045.JPG,..\features\encoder_efficientnet_b0\img_0029_Tomato___Septoria_leaf_spot_fbd92c9a-47de-431a-b3c.npz,efficientnet_b0,"(1280,)",float16,3666,2025-09-29T00:31:15.894825,Tomato_Septoria_leaf_spot
Tomato___Target_Spot_dd058cb8-9108-4660-a12f-568ac4d6ab48___Com.G_TgS_FL 0016,..\data\Tomato___Target_Spot\dd058cb8-9108-4660-a12f-568ac4d6ab48___Com.G_TgS_FL 0016.JPG,..\features\encoder_efficientnet_b0\img_0029_Tomato___Target_Spot_dd058cb8-9108-4660-a12f-568ac.npz,efficientnet_b0,"(1280,)",float16,3696,2025-09-29T00:30:36.169837,Tomato_Target_Spot
Corn_(maize)___Cercospora_leaf_spot Gray_leaf_spot_1157b4eb-dfb3-41b7-a083-77b0ca2e7634___RS_GLSp 4460,C:\Users\MadScie254\Documents\GitHub\Capstone-Lazarus\data\Corn_(maize)___Cercospora_leaf_spot Gray_leaf_spot\1157b4eb-dfb3-41b7-a083-77b0ca2e7634___RS_GLSp 4460.JPG,..\features\encoder_efficientnet_b0\img_0030_Corn_(maize)___Cercospora_leaf_spot Gray_leaf_spot_1157b4eb-dfb3-41b7-a083-77b0ca2e7634___RS_GLSp 4460.npz,efficientnet_b0,"(1280,)",float16,3585,2025-09-26T13:56:44.759129,Corn_(maize)_Cercospora_leaf_spot Gray_leaf_spot
Corn_(maize)___Northern_Leaf_Blight_005318c8-a5fa-4420-843b-23bdda7322c2___RS_NLB 3853 copy,data\Corn_(maize)___Northern_Leaf_Blight\005318c8-a5fa-4420-843b-23bdda7322c2___RS_NLB 3853 copy.jpg,..\features\encoder_efficientnet_b0\img_0030_Corn_(maize)___Northern_Leaf_Blight_005318c8-a5fa-4420-843b-23bdda7322c2___RS_NLB 3853 copy.npz,efficientnet_b0,"(1280,)",float16,3771,2025-09-26T14:20:33.525758,Corn_(maize)_
Tomato___Early_blight_03b7a13c-f5c0-44c4-beed-443841670e9a___RS_Erly.B 8225,..\data\Tomato___Early_blight\03b7a13c-f5c0-44c4-beed-443841670e9a___RS_Erly.B 8225.JPG,..\features\encoder_efficientnet_b0\img_0030_Tomato___Early_blight_03b7a13c-f5c0-44c4-beed-4438.npz,efficientnet_b0,"(1280,)",float16,3702,2025-09-29T00:31:12.603575,Tomato_Early_blight
Tomato___Early_blight_3b0f2e65-0005-4b3a-b63c-4ec99b3b92e5___RS_Erly.B 8227,..\data\Tomato___Early_blight\3b0f2e65-0005-4b3a-b63c-4ec99b3b92e5___RS_Erly.B 8227.JPG,..\features\encoder_efficientnet_b0\img_0030_Tomato___Early_blight_3b0f2e65-0005-4b3a-b63c-4ec9.npz,efficientnet_b0,"(1280,)",float16,3667,2025-09-29T00:31:09.352681,Tomato_Early_blight
Tomato___Septoria_leaf_spot_09033832-a345-408c-823e-a4081d7fbbf4___JR_Sept.L.S 8523,..\data\Tomato___Septoria_leaf_spot\09033832-a345-408c-823e-a4081d7fbbf4___JR_Sept.L.S 8523.JPG,..\features\encoder_efficientnet_b0\img_0030_Tomato___Septoria_leaf_spot_09033832-a345-408c-823.npz,efficientnet_b0,"(1280,)",float16,3702,2025-09-29T00:31:19.152830,Tomato_Septoria_leaf_spot
Tomato___Target_Spot_300a1a92-1ef2-4e5f-914a-58cb34268f89___Com.G_TgS_FL 9787,..\data\Tomato___Target_Spot\300a1a92-1ef2-4e5f-914a-58cb34268f89___Com.G_TgS_FL 9787.JPG,..\features\encoder_efficientnet_b0\img_0030_Tomato___Target_Spot_300a1a92-1ef2-4e5f-914a-58cb3.npz,efficientnet_b0,"(1280,)",float16,3662,2025-09-29T00:30:36.171332,Tomato_Target_Spot
Tomato___Tomato_Yellow_Leaf_Curl_Virus_2d3cb3a2-7157-4ca7-803b-508a59701a70___YLCV_NREC 0274,..\data\Tomato___Tomato_Yellow_Leaf_Curl_Virus\2d3cb3a2-7157-4ca7-803b-508a59701a70___YLCV_NREC 0274.JPG,..\features\encoder_efficientnet_b0\img_0030_Tomato___Tomato_Yellow_Leaf_Curl_Virus_2d3cb3a2-71.npz,efficientnet_b0,"(1280,)",float16,3708,2025-09-29T00:31:15.897325,Tomato_Tomato_Yellow_Leaf_Curl_Virus
Corn_(maize)___Cercospora_leaf_spot Gray_leaf_spot_137762d7-fcd5-405c-a4d5-4096321951d0___RS_GLSp 9345,C:\Users\MadScie254\Documents\GitHub\Capstone-Lazarus\data\Corn_(maize)___Cercospora_leaf_spot Gray_leaf_spot\137762d7-fcd5-405c-a4d5-4096321951d0___RS_GLSp 9345.JPG,..\features\encoder_efficientnet_b0\img_0031_Corn_(maize)___Cercospora_leaf_spot Gray_leaf_spot_137762d7-fcd5-405c-a4d5-4096321951d0___RS_GLSp 9345.npz,efficientnet_b0,"(1280,)",float16,3597,2025-09-26T13:56:44.761987,Corn_(maize)_Cercospora_leaf_spot Gray_leaf_spot
Corn_(maize)___Northern_Leaf_Blight_0079c731-80f5-4fea-b6a2-4ff23a7ce139___RS_NLB 4121,data\Corn_(maize)___Northern_Leaf_Blight\0079c731-80f5-4fea-b6a2-4ff23a7ce139___RS_NLB 4121.JPG,..\features\encoder_efficientnet_b0\img_0031_Corn_(maize)___Northern_Leaf_Blight_0079c731-80f5-4fea-b6a2-4ff23a7ce139___RS_NLB 4121.npz,efficientnet_b0,"(1280,)",float16,3761,2025-09-26T14:20:33.527385,Corn_(maize)_
Corn_(maize)___Northern_Leaf_Blight_3d1e353f-522f-4f28-aa52-bb137584cb54___RS_NLB 4043,..\data\Corn_(maize)___Northern_Leaf_Blight\3d1e353f-522f-4f28-aa52-bb137584cb54___RS_NLB 4043.JPG,..\features\encoder_efficientnet_b0\img_0031_Corn_(maize)___Northern_Leaf_Blight_3d1e353f-522f-.npz,efficientnet_b0,"(1280,)",float16,3706,2025-09-29T00:31:09.355199,Corn_(maize)_Northern_Leaf_Blight
Tomato___Early_blight_265940d8-b4e9-446f-b977-3cbd9ee4f789___RS_Erly.B 9595,..\data\Tomato___Early_blight\265940d8-b4e9-446f-b977-3cbd9ee4f789___RS_Erly.B 9595.JPG,..\features\encoder_efficientnet_b0\img_0031_Tomato___Early_blight_265940d8-b4e9-446f-b977-3cbd.npz,efficientnet_b0,"(1280,)",float16,3680,2025-09-29T00:31:19.156359,Tomato_Early_blight
Tomato___Late_blight_46aabd9e-80c5-440b-924a-229f146b571c___GHLB2 Leaf 8955,..\data\Tomato___Late_blight\46aabd9e-80c5-440b-924a-229f146b571c___GHLB2 Leaf 8955.JPG,..\features\encoder_efficientnet_b0\img_0031_Tomato___Late_blight_46aabd9e-80c5-440b-924a-229f1.npz,efficientnet_b0,"(1280,)",float16,3681,2025-09-29T00:30:36.173855,Tomato_Late_blight
Tomato___Target_Spot_0e763e60-8821-4484-9793-f8ee4f515127___Com.G_TgS_FL 8135,..\data\Tomato___Target_Spot\0e763e60-8821-4484-9793-f8ee4f515127___Com.G_TgS_FL 8135.JPG,..\features\encoder_efficientnet_b0\img_0031_Tomato___Target_Spot_0e763e60-8821-4484-9793-f8ee4.npz,efficientnet_b0,"(1280,)",float16,3688,2025-09-29T00:31:15.900324,Tomato_Target_Spot
Tomato___Tomato_Yellow_Leaf_Curl_Virus_42af617f-6bce-47e9-b9c7-ef84034a5bb2___UF.GRC_YLCV_Lab 09540,..\data\Tomato___Tomato_Yellow_Leaf_Curl_Virus\42af617f-6bce-47e9-b9c7-ef84034a5bb2___UF.GRC_YLCV_Lab 09540.JPG,..\features\encoder_efficientnet_b0\img_0031_Tomato___Tomato_Yellow_Leaf_Curl_Virus_42af617f-6b.npz,efficientnet_b0,"(1280,)",float16,3700,2025-09-29T00:31:12.606599,Tomato_Tomato_Yellow_Leaf_Curl_Virus
Corn_(maize)___Northern_Leaf_Blight_008d9af0-7568-4a67-bb1a-0e915836ddc0___RS_NLB 4165 copy 2,data\Corn_(maize)___Northern_Leaf_Blight\008d9af0-7568-4a67-bb1a-0e915836ddc0___RS_NLB 4165 copy 2.jpg,..\features\encoder_efficientnet_b0\img_0032_Corn_(maize)___Northern_Leaf_Blight_008d9af0-7568-4a67-bb1a-0e915836ddc0___RS_NLB 4165 copy 2.npz,efficientnet_b0,"(1280,)",float16,3764,2025-09-26T14:20:33.588975,Corn_(maize)_
Tomato___Bacterial_spot_3813824a-787e-437a-bdd2-2bd99f57edb6___GCREC_Bact.Sp 3416,..\data\Tomato___Bacterial_spot\3813824a-787e-437a-bdd2-2bd99f57edb6___GCREC_Bact.Sp 3416.JPG,..\features\encoder_efficientnet_b0\img_0032_Tomato___Bacterial_spot_3813824a-787e-437a-bdd2-2b.npz,efficientnet_b0,"(1280,)",float16,3670,2025-09-29T00:30:36.177371,Tomato_Bacterial_spot
Tomato___Bacterial_spot_86ea5fc3-b719-46a9-bee2-66eb0b3a217a___GCREC_Bact.Sp 5833,..\data\Tomato___Bacterial_spot\86ea5fc3-b719-46a9-bee2-66eb0b3a217a___GCREC_Bact.Sp 5833.JPG,..\features\encoder_efficientnet_b0\img_0032_Tomato___Bacterial_spot_86ea5fc3-b719-46a9-bee2-66.npz,efficientnet_b0,"(1280,)",float16,3688,2025-09-29T00:31:09.357703,Tomato_Bacterial_spot
Tomato___Leaf_Mold_55c2cd78-8c7c-4102-801f-c87d2284b874___Crnl_L.Mold 7069,..\data\Tomato___Leaf_Mold\55c2cd78-8c7c-4102-801f-c87d2284b874___Crnl_L.Mold 7069.JPG,..\features\encoder_efficientnet_b0\img_0032_Tomato___Leaf_Mold_55c2cd78-8c7c-4102-801f-c87d228.npz,efficientnet_b0,"(1280,)",float16,3669,2025-09-29T00:31:12.610604,Tomato_Leaf_Mold
Tomato___Spider_mites Two-spotted_spider_mite_6549382d-4588-46c9-8a3f-53666af6ba03___Com.G_SpM_FL 9374,..\data\Tomato___Spider_mites Two-spotted_spider_mite\6549382d-4588-46c9-8a3f-53666af6ba03___Com.G_SpM_FL 9374.JPG,..\features\encoder_efficientnet_b0\img_0032_Tomato___Spider_mites Two-spotted_spider_mite_6549.npz,efficientnet_b0,"(1280,)",float16,3736,2025-09-29T00:31:15.903328,Tomato_Spider_mites Two-spotted_spider_mite
Tomato___Tomato_Yellow_Leaf_Curl_Virus_a319f5b0-962b-4656-bb25-140c2d19fe94___YLCV_GCREC 2779,..\data\Tomato___Tomato_Yellow_Leaf_Curl_Virus\a319f5b0-962b-4656-bb25-140c2d19fe94___YLCV_GCREC 2779.JPG,..\features\encoder_efficientnet_b0\img_0032_Tomato___Tomato_Yellow_Leaf_Curl_Virus_a319f5b0-96.npz,efficientnet_b0,"(1280,)",float16,3675,2025-09-29T00:31:19.159368,Tomato_Tomato_Yellow_Leaf_Curl_Virus
Corn_(maize)___Northern_Leaf_Blight_00a14441-7a62-4034-bc40-b196aeab2785___RS_NLB 3932,data\Corn_(maize)___Northern_Leaf_Blight\00a14441-7a62-4034-bc40-b196aeab2785___RS_NLB 3932.JPG,..\features\encoder_efficientnet_b0\img_0033_Corn_(maize)___Northern_Leaf_Blight_00a14441-7a62-4034-bc40-b196aeab2785___RS_NLB 3932.npz,efficientnet_b0,"(1280,)",float16,3720,2025-09-26T14:20:33.590663,Corn_(maize)_
Corn_(maize)___Northern_Leaf_Blight_undersampled_d5ecb0c7-cdd5-46f4-bced-94f35423a245___RS_NLB 4194,..\data\Corn_(maize)___Northern_Leaf_Blight_undersampled\d5ecb0c7-cdd5-46f4-bced-94f35423a245___RS_NLB 4194.JPG,..\features\encoder_efficientnet_b0\img_0033_Corn_(maize)___Northern_Leaf_Blight_undersampled_d.npz,efficientnet_b0,"(1280,)",float16,3738,2025-09-29T00:30:36.180372,Corn_(maize)_Northern_Leaf_Blight_undersampled
Potato___Late_blight_94c50d24-cfd7-486c-a4ac-a10f552d0f8b___RS_LB 4329,..\data\Potato___Late_blight\94c50d24-cfd7-486c-a4ac-a10f552d0f8b___RS_LB 4329.JPG,..\features\encoder_efficientnet_b0\img_0033_Potato___Late_blight_94c50d24-cfd7-486c-a4ac-a10f5.npz,efficientnet_b0,"(1280,)",float16,3688,2025-09-29T00:31:19.161363,Potato_Late_blight
Tomato___healthy_84991306-21f6-41fb-a723-0c7ba1dac9d3___GH_HL Leaf 199,..\data\Tomato___healthy\84991306-21f6-41fb-a723-0c7ba1dac9d3___GH_HL Leaf 199.JPG,..\features\encoder_efficientnet_b0\img_0033_Tomato___healthy_84991306-21f6-41fb-a723-0c7ba1dac.npz,efficientnet_b0,"(1280,)",float16,3661,2025-09-29T00:31:12.613603,Tomato_healthy
Tomato___Target_Spot_7b199548-cc65-468a-9cf7-51db805dfdeb___Com.G_TgS_FL 1068,..\data\Tomato___Target_Spot\7b199548-cc65-468a-9cf7-51db805dfdeb___Com.G_TgS_FL 1068.JPG,..\features\encoder_efficientnet_b0\img_0033_Tomato___Target_Spot_7b199548-cc65-468a-9cf7-51db8.npz,efficientnet_b0,"(1280,)",float16,3704,2025-09-29T00:31:09.361207,Tomato_Target_Spot
Tomato___Tomato_Yellow_Leaf_Curl_Virus_1046b5f1-84fb-4c0f-8c7f-6c3584fa2023___YLCV_NREC 2008,..\data\Tomato___Tomato_Yellow_Leaf_Curl_Virus\1046b5f1-84fb-4c0f-8c7f-6c3584fa2023___YLCV_NREC 2008.JPG,..\features\encoder_efficientnet_b0\img_0033_Tomato___Tomato_Yellow_Leaf_Curl_Virus_1046b5f1-84.npz,efficientnet_b0,"(1280,)",float16,3716,2025-09-29T00:31:15.906860,Tomato_Tomato_Yellow_Leaf_Curl_Virus
Corn_(maize)___Northern_Leaf_Blight_00a55069-3fa3-405b-8d87-4d3408a6ed98___RS_NLB 3645,data\Corn_(maize)___Northern_Leaf_Blight\00a55069-3fa3-405b-8d87-4d3408a6ed98___RS_NLB 3645.JPG,..\features\encoder_efficientnet_b0\img_0034_Corn_(maize)___Northern_Leaf_Blight_00a55069-3fa3-405b-8d87-4d3408a6ed98___RS_NLB 3645.npz,efficientnet_b0,"(1280,)",float16,3776,2025-09-26T14:20:33.591805,Corn_(maize)_
Tomato___healthy_bc3ca9e1-86c1-4945-9993-c61a38a942ed___GH_HL Leaf 294,..\data\Tomato___healthy\bc3ca9e1-86c1-4945-9993-c61a38a942ed___GH_HL Leaf 294.JPG,..\features\encoder_efficientnet_b0\img_0034_Tomato___healthy_bc3ca9e1-86c1-4945-9993-c61a38a94.npz,efficientnet_b0,"(1280,)",float16,3634,2025-09-29T00:30:36.182366,Tomato_healthy
Tomato___Tomato_Yellow_Leaf_Curl_Virus_48a15f21-18a7-4882-ad1c-835141157e6d___UF.GRC_YLCV_Lab 03040,..\data\Tomato___Tomato_Yellow_Leaf_Curl_Virus\48a15f21-18a7-4882-ad1c-835141157e6d___UF.GRC_YLCV_Lab 03040.JPG,..\features\encoder_efficientnet_b0\img_0034_Tomato___Tomato_Yellow_Leaf_Curl_Virus_48a15f21-18.npz,efficientnet_b0,"(1280,)",float16,3659,2025-09-29T00:31:09.363704,Tomato_Tomato_Yellow_Leaf_Curl_Virus
Tomato___Tomato_Yellow_Leaf_Curl_Virus_927f46b1-b59f-4d90-8ce9-2290db9d66ea___UF.GRC_YLCV_Lab 01383,..\data\Tomato___Tomato_Yellow_Leaf_Curl_Virus\927f46b1-b59f-4d90-8ce9-2290db9d66ea___UF.GRC_YLCV_Lab 01383.JPG,..\features\encoder_efficientnet_b0\img_0034_Tomato___Tomato_Yellow_Leaf_Curl_Virus_927f46b1-b5.npz,efficientnet_b0,"(1280,)",float16,3677,2025-09-29T00:31:12.617600,Tomato_Tomato_Yellow_Leaf_Curl_Virus
Tomato___Tomato_Yellow_Leaf_Curl_Virus_b8fe50f8-1c5a-488e-b493-2d88803f8cf5___UF.GRC_YLCV_Lab 02966,..\data\Tomato___Tomato_Yellow_Leaf_Curl_Virus\b8fe50f8-1c5a-488e-b493-2d88803f8cf5___UF.GRC_YLCV_Lab 02966.JPG,..\features\encoder_efficientnet_b0\img_0034_Tomato___Tomato_Yellow_Leaf_Curl_Virus_b8fe50f8-1c.npz,efficientnet_b0,"(1280,)",float16,3684,2025-09-29T00:31:15.909859,Tomato_Tomato_Yellow_Leaf_Curl_Virus
Tomato___Tomato_Yellow_Leaf_Curl_Virus_f272a2e2-22cf-40ec-96da-7a568ea58117___UF.GRC_YLCV_Lab 01902,..\data\Tomato___Tomato_Yellow_Leaf_Curl_Virus\f272a2e2-22cf-40ec-96da-7a568ea58117___UF.GRC_YLCV_Lab 01902.JPG,..\features\encoder_efficientnet_b0\img_0034_Tomato___Tomato_Yellow_Leaf_Curl_Virus_f272a2e2-22.npz,efficientnet_b0,"(1280,)",float16,3716,2025-09-29T00:31:19.163361,Tomato_Tomato_Yellow_Leaf_Curl_Virus
Corn_(maize)___Northern_Leaf_Blight_0118e276-ee7b-4fed-961d-057590ae9f7f___RS_NLB 4666 copy 2,data\Corn_(maize)___Northern_Leaf_Blight\0118e276-ee7b-4fed-961d-057590ae9f7f___RS_NLB 4666 copy 2.jpg,..\features\encoder_efficientnet_b0\img_0035_Corn_(maize)___Northern_Leaf_Blight_0118e276-ee7b-4fed-961d-057590ae9f7f___RS_NLB 4666 copy 2.npz,efficientnet_b0,"(1280,)",float16,3742,2025-09-26T14:20:33.592882,Corn_(maize)_
Corn_(maize)___Northern_Leaf_Blight_undersampled_055934ae-8875-4c5e-8c7b-d72287ae967c___RS_NLB 3637,..\data\Corn_(maize)___Northern_Leaf_Blight_undersampled\055934ae-8875-4c5e-8c7b-d72287ae967c___RS_NLB 3637.JPG,..\features\encoder_efficientnet_b0\img_0035_Corn_(maize)___Northern_Leaf_Blight_undersampled_0.npz,efficientnet_b0,"(1280,)",float16,3745,2025-09-29T00:31:15.912359,Corn_(maize)_Northern_Leaf_Blight_undersampled
Tomato___Bacterial_spot_72f6f030-4d51-4f95-9857-de4c07e5dc0e___UF.GRC_BS_Lab Leaf 8661,..\data\Tomato___Bacterial_spot\72f6f030-4d51-4f95-9857-de4c07e5dc0e___UF.GRC_BS_Lab Leaf 8661.JPG,..\features\encoder_efficientnet_b0\img_0035_Tomato___Bacterial_spot_72f6f030-4d51-4f95-9857-de.npz,efficientnet_b0,"(1280,)",float16,3676,2025-09-29T00:30:36.184868,Tomato_Bacterial_spot
Tomato___Leaf_Mold_bf40a7f6-0b81-4d33-88fa-1405dcd35f3a___Crnl_L.Mold 7060,..\data\Tomato___Leaf_Mold\bf40a7f6-0b81-4d33-88fa-1405dcd35f3a___Crnl_L.Mold 7060.JPG,..\features\encoder_efficientnet_b0\img_0035_Tomato___Leaf_Mold_bf40a7f6-0b81-4d33-88fa-1405dcd.npz,efficientnet_b0,"(1280,)",float16,3644,2025-09-29T00:31:09.366702,Tomato_Leaf_Mold
Tomato___Tomato_Yellow_Leaf_Curl_Virus_07d50744-753e-41f2-b637-99f2ff6c186d___UF.GRC_YLCV_Lab 01558,..\data\Tomato___Tomato_Yellow_Leaf_Curl_Virus\07d50744-753e-41f2-b637-99f2ff6c186d___UF.GRC_YLCV_Lab 01558.JPG,..\features\encoder_efficientnet_b0\img_0035_Tomato___Tomato_Yellow_Leaf_Curl_Virus_07d50744-75.npz,efficientnet_b0,"(1280,)",float16,3657,2025-09-29T00:31:12.620108,Tomato_Tomato_Yellow_Leaf_Curl_Virus
Tomato___Tomato_Yellow_Leaf_Curl_Virus_79c10a08-99b4-49bd-b13a-81a68e7d8d21___UF.GRC_YLCV_Lab 02726,..\data\Tomato___Tomato_Yellow_Leaf_Curl_Virus\79c10a08-99b4-49bd-b13a-81a68e7d8d21___UF.GRC_YLCV_Lab 02726.JPG,..\features\encoder_efficientnet_b0\img_0035_Tomato___Tomato_Yellow_Leaf_Curl_Virus_79c10a08-99.npz,efficientnet_b0,"(1280,)",float16,3714,2025-09-29T00:31:19.165862,Tomato_Tomato_Yellow_Leaf_Curl_Virus
Corn_(maize)___Common_rust__RS_Rust 2727,..\data\Corn_(maize)___Common_rust_\RS_Rust 2727.JPG,..\features\encoder_efficientnet_b0\img_0036_Corn_(maize)___Common_rust__RS_Rust 2727.npz,efficientnet_b0,"(1280,)",float16,3611,2025-09-29T00:31:12.623642,Corn_(maize)_Common_rust_
Corn_(maize)___Northern_Leaf_Blight_011b766d-7744-420d-a1a1-57bdff9b4ddd___RS_NLB 4128,data\Corn_(maize)___Northern_Leaf_Blight\011b766d-7744-420d-a1a1-57bdff9b4ddd___RS_NLB 4128.JPG,..\features\encoder_efficientnet_b0\img_0036_Corn_(maize)___Northern_Leaf_Blight_011b766d-7744-420d-a1a1-57bdff9b4ddd___RS_NLB 4128.npz,efficientnet_b0,"(1280,)",float16,3758,2025-09-26T14:20:33.593961,Corn_(maize)_
Corn_(maize)___Northern_Leaf_Blight_5ea8975f-1cb5-4452-b04b-1f63453d1e2f___RS_NLB 3803,..\data\Corn_(maize)___Northern_Leaf_Blight\5ea8975f-1cb5-4452-b04b-1f63453d1e2f___RS_NLB 3803.JPG,..\features\encoder_efficientnet_b0\img_0036_Corn_(maize)___Northern_Leaf_Blight_5ea8975f-1cb5-.npz,efficientnet_b0,"(1280,)",float16,3712,2025-09-29T00:31:09.368704,Corn_(maize)_Northern_Leaf_Blight
Corn_(maize)___Northern_Leaf_Blight_undersampled_bfa4998b-ab2a-439a-8e65-3501db446811___RS_NLB 3704,..\data\Corn_(maize)___Northern_Leaf_Blight_undersampled\bfa4998b-ab2a-439a-8e65-3501db446811___RS_NLB 3704.JPG,..\features\encoder_efficientnet_b0\img_0036_Corn_(maize)___Northern_Leaf_Blight_undersampled_b.npz,efficientnet_b0,"(1280,)",float16,3772,2025-09-29T00:31:19.167864,Corn_(maize)_Northern_Leaf_Blight_undersampled
Potato___Early_blight_9cd81447-0701-4969-86aa-5f20269923c5___RS_Early.B 8790,..\data\Potato___Early_blight\9cd81447-0701-4969-86aa-5f20269923c5___RS_Early.B 8790.JPG,..\features\encoder_efficientnet_b0\img_0036_Potato___Early_blight_9cd81447-0701-4969-86aa-5f20.npz,efficientnet_b0,"(1280,)",float16,3688,2025-09-29T00:30:36.186861,Potato_Early_blight
Tomato___Tomato_Yellow_Leaf_Curl_Virus_fc11d912-964a-4467-88bd-a92e47c56765___UF.GRC_YLCV_Lab 02284,..\data\Tomato___Tomato_Yellow_Leaf_Curl_Virus\fc11d912-964a-4467-88bd-a92e47c56765___UF.GRC_YLCV_Lab 02284.JPG,..\features\encoder_efficientnet_b0\img_0036_Tomato___Tomato_Yellow_Leaf_Curl_Virus_fc11d912-96.npz,efficientnet_b0,"(1280,)",float16,3690,2025-09-29T00:31:15.915358,Tomato_Tomato_Yellow_Leaf_Curl_Virus
Corn_(maize)___Northern_Leaf_Blight_019e3ef7-aae4-4fd3-b95f-b4e914df7a39___RS_NLB 4284,data\Corn_(maize)___Northern_Leaf_Blight\019e3ef7-aae4-4fd3-b95f-b4e914df7a39___RS_NLB 4284.JPG,..\features\encoder_efficientnet_b0\img_0037_Corn_(maize)___Northern_Leaf_Blight_019e3ef7-aae4-4fd3-b95f-b4e914df7a39___RS_NLB 4284.npz,efficientnet_b0,"(1280,)",float16,3707,2025-09-26T14:20:33.595102,Corn_(maize)_
Potato___Late_blight_0c83302d-4233-4e98-8ecf-755a970495bb___RS_LB 4904,..\data\Potato___Late_blight\0c83302d-4233-4e98-8ecf-755a970495bb___RS_LB 4904.JPG,..\features\encoder_efficientnet_b0\img_0037_Potato___Late_blight_0c83302d-4233-4e98-8ecf-755a9.npz,efficientnet_b0,"(1280,)",float16,3664,2025-09-29T00:30:36.188365,Potato_Late_blight
Tomato___Bacterial_spot_f7b71d93-0c1e-4bfe-a00c-004ad1cd2158___GCREC_Bact.Sp 6298,..\data\Tomato___Bacterial_spot\f7b71d93-0c1e-4bfe-a00c-004ad1cd2158___GCREC_Bact.Sp 6298.JPG,..\features\encoder_efficientnet_b0\img_0037_Tomato___Bacterial_spot_f7b71d93-0c1e-4bfe-a00c-00.npz,efficientnet_b0,"(1280,)",float16,3688,2025-09-29T00:31:15.918356,Tomato_Bacterial_spot
Tomato___Spider_mites Two-spotted_spider_mite_a8a96fef-22c8-45d9-971a-8211b91e72de___Com.G_SpM_FL 8520,..\data\Tomato___Spider_mites Two-spotted_spider_mite\a8a96fef-22c8-45d9-971a-8211b91e72de___Com.G_SpM_FL 8520.JPG,..\features\encoder_efficientnet_b0\img_0037_Tomato___Spider_mites Two-spotted_spider_mite_a8a9.npz,efficientnet_b0,"(1280,)",float16,3721,2025-09-29T00:31:12.628137,Tomato_Spider_mites Two-spotted_spider_mite
Tomato___Tomato_Yellow_Leaf_Curl_Virus_ea057115-6a1f-4958-80fc-2605fbf2002b___UF.GRC_YLCV_Lab 02747,..\data\Tomato___Tomato_Yellow_Leaf_Curl_Virus\ea057115-6a1f-4958-80fc-2605fbf2002b___UF.GRC_YLCV_Lab 02747.JPG,..\features\encoder_efficientnet_b0\img_0037_Tomato___Tomato_Yellow_Leaf_Curl_Virus_ea057115-6a.npz,efficientnet_b0,"(1280,)",float16,3725,2025-09-29T00:31:19.171890,Tomato_Tomato_Yellow_Leaf_Curl_Virus
Tomato___Tomato_Yellow_Leaf_Curl_Virus_ef41ba00-6d39-4686-9916-9c94a08b070c___YLCV_NREC 2859,..\data\Tomato___Tomato_Yellow_Leaf_Curl_Virus\ef41ba00-6d39-4686-9916-9c94a08b070c___YLCV_NREC 2859.JPG,..\features\encoder_efficientnet_b0\img_0037_Tomato___Tomato_Yellow_Leaf_Curl_Virus_ef41ba00-6d.npz,efficientnet_b0,"(1280,)",float16,3698,2025-09-29T00:31:09.371226,Tomato_Tomato_Yellow_Leaf_Curl_Virus
Corn_(maize)___Northern_Leaf_Blight_022817bd-6a93-4b0a-ac39-1cc4094128b1___RS_NLB 3476,data\Corn_(maize)___Northern_Leaf_Blight\022817bd-6a93-4b0a-ac39-1cc4094128b1___RS_NLB 3476.JPG,..\features\encoder_efficientnet_b0\img_0038_Corn_(maize)___Northern_Leaf_Blight_022817bd-6a93-4b0a-ac39-1cc4094128b1___RS_NLB 3476.npz,efficientnet_b0,"(1280,)",float16,3744,2025-09-26T14:20:33.596191,Corn_(maize)_
Corn_(maize)___Northern_Leaf_Blight_0709f6e5-8e0f-47e0-af57-ab5cfcd1cb63___RS_NLB 4055,..\data\Corn_(maize)___Northern_Leaf_Blight\0709f6e5-8e0f-47e0-af57-ab5cfcd1cb63___RS_NLB 4055.JPG,..\features\encoder_efficientnet_b0\img_0038_Corn_(maize)___Northern_Leaf_Blight_0709f6e5-8e0f-.npz,efficientnet_b0,"(1280,)",float16,3668,2025-09-29T00:31:12.631640,Corn_(maize)_Northern_Leaf_Blight
Corn_(maize)___Northern_Leaf_Blight_undersampled_6728afe3-9ab4-4235-b7e3-5b9ee80b6675___RS_NLB 3605,..\data\Corn_(maize)___Northern_Leaf_Blight_undersampled\6728afe3-9ab4-4235-b7e3-5b9ee80b6675___RS_NLB 3605.JPG,..\features\encoder_efficientnet_b0\img_0038_Corn_(maize)___Northern_Leaf_Blight_undersampled_6.npz,efficientnet_b0,"(1280,)",float16,3756,2025-09-29T00:30:36.192386,Corn_(maize)_Northern_Leaf_Blight_undersampled
Corn_(maize)___Northern_Leaf_Blight_undersampled_72588a71-5b19-4867-a1d4-1a3addca8ab4___RS_NLB 3553 copy 2,..\data\Corn_(maize)___Northern_Leaf_Blight_undersampled\72588a71-5b19-4867-a1d4-1a3addca8ab4___RS_NLB 3553 copy 2.jpg,..\features\encoder_efficientnet_b0\img_0038_Corn_(maize)___Northern_Leaf_Blight_undersampled_7.npz,efficientnet_b0,"(1280,)",float16,3793,2025-09-29T00:31:15.921391,Corn_(maize)_Northern_Leaf_Blight_undersampled
Potato___Late_blight_7774658c-0dcb-4b7c-a1fa-573de03373dd___RS_LB 3135,..\data\Potato___Late_blight\7774658c-0dcb-4b7c-a1fa-573de03373dd___RS_LB 3135.JPG,..\features\encoder_efficientnet_b0\img_0038_Potato___Late_blight_7774658c-0dcb-4b7c-a1fa-573de.npz,efficientnet_b0,"(1280,)",float16,3683,2025-09-29T00:31:19.174900,Potato_Late_blight
Tomato___Tomato_Yellow_Leaf_Curl_Virus_b09cb228-e1eb-436e-b2b9-2ab3e323ec5d___UF.GRC_YLCV_Lab 02017,..\data\Tomato___Tomato_Yellow_Leaf_Curl_Virus\b09cb228-e1eb-436e-b2b9-2ab3e323ec5d___UF.GRC_YLCV_Lab 02017.JPG,..\features\encoder_efficientnet_b0\img_0038_Tomato___Tomato_Yellow_Leaf_Curl_Virus_b09cb228-e1.npz,efficientnet_b0,"(1280,)",float16,3713,2025-09-29T00:31:09.373754,Tomato_Tomato_Yellow_Leaf_Curl_Virus
Corn_(maize)___Cercospora_leaf_spot Gray_leaf_spot_6f4b40eb-6d14-4f30-9ef8-89f85bd841fd___RS_GLSp 4426,..\data\Corn_(maize)___Cercospora_leaf_spot Gray_leaf_spot\6f4b40eb-6d14-4f30-9ef8-89f85bd841fd___RS_GLSp 4426.JPG,..\features\encoder_efficientnet_b0\img_0039_Corn_(maize)___Cercospora_leaf_spot Gray_leaf_spot.npz,efficientnet_b0,"(1280,)",float16,3725,2025-09-29T00:31:15.925897,Corn_(maize)_Cercospora_leaf_spot Gray_leaf_spot
Corn_(maize)___Common_rust__RS_Rust 2653,..\data\Corn_(maize)___Common_rust_\RS_Rust 2653.JPG,..\features\encoder_efficientnet_b0\img_0039_Corn_(maize)___Common_rust__RS_Rust 2653.npz,efficientnet_b0,"(1280,)",float16,3605,2025-09-29T00:31:19.176905,Corn_(maize)_Common_rust_
Corn_(maize)___Northern_Leaf_Blight_024fb674-fdcb-4777-a8d6-8a13abb58d8f___RS_NLB 3992,data\Corn_(maize)___Northern_Leaf_Blight\024fb674-fdcb-4777-a8d6-8a13abb58d8f___RS_NLB 3992.JPG,..\features\encoder_efficientnet_b0\img_0039_Corn_(maize)___Northern_Leaf_Blight_024fb674-fdcb-4777-a8d6-8a13abb58d8f___RS_NLB 3992.npz,efficientnet_b0,"(1280,)",float16,3757,2025-09-26T14:20:33.597699,Corn_(maize)_
Potato___Late_blight_3221ccec-f264-4046-8252-77a8a357562b___RS_LB 4637,..\data\Potato___Late_blight\3221ccec-f264-4046-8252-77a8a357562b___RS_LB 4637.JPG,..\features\encoder_efficientnet_b0\img_0039_Potato___Late_blight_3221ccec-f264-4046-8252-77a8a.npz,efficientnet_b0,"(1280,)",float16,3687,2025-09-29T00:31:09.377752,Potato_Late_blight
Potato___Late_blight_547d3544-5e37-484b-a853-254376c49081___RS_LB 2556,..\data\Potato___Late_blight\547d3544-5e37-484b-a853-254376c49081___RS_LB 2556.JPG,..\features\encoder_efficientnet_b0\img_0039_Potato___Late_blight_547d3544-5e37-484b-a853-25437.npz,efficientnet_b0,"(1280,)",float16,3701,2025-09-29T00:31:12.633641,Potato_Late_blight
Tomato___Early_blight_3198b703-d5d5-46e9-9b8f-399d5531b5c4___RS_Erly.B 8364,..\data\Tomato___Early_blight\3198b703-d5d5-46e9-9b8f-399d5531b5c4___RS_Erly.B 8364.JPG,..\features\encoder_efficientnet_b0\img_0039_Tomato___Early_blight_3198b703-d5d5-46e9-9b8f-399d.npz,efficientnet_b0,"(1280,)",float16,3687,2025-09-29T00:30:36.194887,Tomato_Early_blight
Corn_(maize)___healthy_f85a5f36-d0f7-4aaa-9d28-9ff33d092385___R.S_HL 8207 copy 2,..\data\Corn_(maize)___healthy\f85a5f36-d0f7-4aaa-9d28-9ff33d092385___R.S_HL 8207 copy 2.jpg,..\features\encoder_efficientnet_b0\img_0040_Corn_(maize)___healthy_f85a5f36-d0f7-4aaa-9d28-9ff.npz,efficientnet_b0,"(1280,)",float16,3680,2025-09-29T00:31:09.380758,Corn_(maize)_healthy
Corn_(maize)___Northern_Leaf_Blight_oversampled_005318c8-a5fa-4420-843b-23bdda7322c2___RS_NLB 3853 copy,data\Corn_(maize)___Northern_Leaf_Blight_oversampled\005318c8-a5fa-4420-843b-23bdda7322c2___RS_NLB 3853 copy.jpg,..\features\encoder_efficientnet_b0\img_0040_Corn_(maize)___Northern_Leaf_Blight_oversampled_005318c8-a5fa-4420-843b-23bdda7322c2___RS_NLB 3853 copy.npz,efficientnet_b0,"(1280,)",float16,3815,2025-09-26T14:20:33.662542,Corn_(maize)_
Tomato___Bacterial_spot_d9abd611-5a0a-4d54-8c73-8df2c7f909d2___GCREC_Bact.Sp 5815,..\data\Tomato___Bacterial_spot\d9abd611-5a0a-4d54-8c73-8df2c7f909d2___GCREC_Bact.Sp 5815.JPG,..\features\encoder_efficientnet_b0\img_0040_Tomato___Bacterial_spot_d9abd611-5a0a-4d54-8c73-8d.npz,efficientnet_b0,"(1280,)",float16,3673,2025-09-29T00:31:19.178897,Tomato_Bacterial_spot
Tomato___Tomato_Yellow_Leaf_Curl_Virus_3546c115-592a-4574-a070-3c3a3bddb5d2___UF.GRC_YLCV_Lab 08490,..\data\Tomato___Tomato_Yellow_Leaf_Curl_Virus\3546c115-592a-4574-a070-3c3a3bddb5d2___UF.GRC_YLCV_Lab 08490.JPG,..\features\encoder_efficientnet_b0\img_0040_Tomato___Tomato_Yellow_Leaf_Curl_Virus_3546c115-59.npz,efficientnet_b0,"(1280,)",float16,3726,2025-09-29T00:30:36.196892,Tomato_Tomato_Yellow_Leaf_Curl_Virus
Tomato___Tomato_Yellow_Leaf_Curl_Virus_f0d5c14a-3464-4987-be40-636d9752b846___UF.GRC_YLCV_Lab 02156,..\data\Tomato___Tomato_Yellow_Leaf_Curl_Virus\f0d5c14a-3464-4987-be40-636d9752b846___UF.GRC_YLCV_Lab 02156.JPG,..\features\encoder_efficientnet_b0\img_0040_Tomato___Tomato_Yellow_Leaf_Curl_Virus_f0d5c14a-34.npz,efficientnet_b0,"(1280,)",float16,3720,2025-09-29T00:31:15.927897,Tomato_Tomato_Yellow_Leaf_Curl_Virus
Tomato___Tomato_Yellow_Leaf_Curl_Virus_fead60b0-4ceb-46ff-8871-5b81b8ea7d32___YLCV_NREC 0293,..\data\Tomato___Tomato_Yellow_Leaf_Curl_Virus\fead60b0-4ceb-46ff-8871-5b81b8ea7d32___YLCV_NREC 0293.JPG,..\features\encoder_efficientnet_b0\img_0040_Tomato___Tomato_Yellow_Leaf_Curl_Virus_fead60b0-4c.npz,efficientnet_b0,"(1280,)",float16,3729,2025-09-29T00:31:12.636645,Tomato_Tomato_Yellow_Leaf_Curl_Virus
Corn_(maize)___Northern_Leaf_Blight_oversampled_0079c731-80f5-4fea-b6a2-4ff23a7ce139___RS_NLB 4121,data\Corn_(maize)___Northern_Leaf_Blight_oversampled\0079c731-80f5-4fea-b6a2-4ff23a7ce139___RS_NLB 4121.JPG,..\features\encoder_efficientnet_b0\img_0041_Corn_(maize)___Northern_Leaf_Blight_oversampled_0079c731-80f5-4fea-b6a2-4ff23a7ce139___RS_NLB 4121.npz,efficientnet_b0,"(1280,)",float16,3814,2025-09-26T14:20:33.664054,Corn_(maize)_
Potato___Early_blight_83b7d891-0fe8-47b8-b6e1-693493a2988a___RS_Early.B 8707,..\data\Potato___Early_blight\83b7d891-0fe8-47b8-b6e1-693493a2988a___RS_Early.B 8707.JPG,..\features\encoder_efficientnet_b0\img_0041_Potato___Early_blight_83b7d891-0fe8-47b8-b6e1-6934.npz,efficientnet_b0,"(1280,)",float16,3683,2025-09-29T00:31:15.929900,Potato_Early_blight
Tomato___Bacterial_spot_5125393a-d835-478f-acf2-d40bfa421d5b___UF.GRC_BS_Lab Leaf 0458,..\data\Tomato___Bacterial_spot\5125393a-d835-478f-acf2-d40bfa421d5b___UF.GRC_BS_Lab Leaf 0458.JPG,..\features\encoder_efficientnet_b0\img_0041_Tomato___Bacterial_spot_5125393a-d835-478f-acf2-d4.npz,efficientnet_b0,"(1280,)",float16,3710,2025-09-29T00:31:12.639675,Tomato_Bacterial_spot
Tomato___Septoria_leaf_spot_2a136f24-b2aa-42c6-b70b-78a95761d863___Matt.S_CG 6884,..\data\Tomato___Septoria_leaf_spot\2a136f24-b2aa-42c6-b70b-78a95761d863___Matt.S_CG 6884.JPG,..\features\encoder_efficientnet_b0\img_0041_Tomato___Septoria_leaf_spot_2a136f24-b2aa-42c6-b70.npz,efficientnet_b0,"(1280,)",float16,3681,2025-09-29T00:31:09.382751,Tomato_Septoria_leaf_spot
Tomato___Septoria_leaf_spot_53d795c2-0784-4d1e-b475-a54dd3e5a6a1___Matt.S_CG 7479,..\data\Tomato___Septoria_leaf_spot\53d795c2-0784-4d1e-b475-a54dd3e5a6a1___Matt.S_CG 7479.JPG,..\features\encoder_efficientnet_b0\img_0041_Tomato___Septoria_leaf_spot_53d795c2-0784-4d1e-b47.npz,efficientnet_b0,"(1280,)",float16,3710,2025-09-29T00:30:36.199386,Tomato_Septoria_leaf_spot
Tomato___Tomato_Yellow_Leaf_Curl_Virus_6afa75f0-ed92-49ed-8e3e-e222f212e5ad___UF.GRC_YLCV_Lab 01591,..\data\Tomato___Tomato_Yellow_Leaf_Curl_Virus\6afa75f0-ed92-49ed-8e3e-e222f212e5ad___UF.GRC_YLCV_Lab 01591.JPG,..\features\encoder_efficientnet_b0\img_0041_Tomato___Tomato_Yellow_Leaf_Curl_Virus_6afa75f0-ed.npz,efficientnet_b0,"(1280,)",float16,3735,2025-09-29T00:31:19.180906,Tomato_Tomato_Yellow_Leaf_Curl_Virus
Corn_(maize)___Common_rust__RS_Rust 1784,..\data\Corn_(maize)___Common_rust_\RS_Rust 1784.JPG,..\features\encoder_efficientnet_b0\img_0042_Corn_(maize)___Common_rust__RS_Rust 1784.npz,efficientnet_b0,"(1280,)",float16,3608,2025-09-29T00:31:15.931895,Corn_(maize)_Common_rust_
Corn_(maize)___Northern_Leaf_Blight_oversampled_008d9af0-7568-4a67-bb1a-0e915836ddc0___RS_NLB 4165 copy 2,data\Corn_(maize)___Northern_Leaf_Blight_oversampled\008d9af0-7568-4a67-bb1a-0e915836ddc0___RS_NLB 4165 copy 2.jpg,..\features\encoder_efficientnet_b0\img_0042_Corn_(maize)___Northern_Leaf_Blight_oversampled_008d9af0-7568-4a67-bb1a-0e915836ddc0___RS_NLB 4165 copy 2.npz,efficientnet_b0,"(1280,)",float16,3816,2025-09-26T14:20:33.665170,Corn_(maize)_
Tomato___healthy_4ff86e18-434e-4d1d-819c-c40c908e064a___RS_HL 0273,..\data\Tomato___healthy\4ff86e18-434e-4d1d-819c-c40c908e064a___RS_HL 0273.JPG,..\features\encoder_efficientnet_b0\img_0042_Tomato___healthy_4ff86e18-434e-4d1d-819c-c40c908e0.npz,efficientnet_b0,"(1280,)",float16,3673,2025-09-29T00:31:09.385750,Tomato_healthy
Tomato___Late_blight_eb5ce385-86d7-439c-b3e4-ca375a739afa___GHLB2 Leaf 8603,..\data\Tomato___Late_blight\eb5ce385-86d7-439c-b3e4-ca375a739afa___GHLB2 Leaf 8603.JPG,..\features\encoder_efficientnet_b0\img_0042_Tomato___Late_blight_eb5ce385-86d7-439c-b3e4-ca375.npz,efficientnet_b0,"(1280,)",float16,3669,2025-09-29T00:31:19.182905,Tomato_Late_blight
Tomato___Septoria_leaf_spot_ce36c943-7a6b-4437-b5cc-773c511eeb55___Matt.S_CG 7800,..\data\Tomato___Septoria_leaf_spot\ce36c943-7a6b-4437-b5cc-773c511eeb55___Matt.S_CG 7800.JPG,..\features\encoder_efficientnet_b0\img_0042_Tomato___Septoria_leaf_spot_ce36c943-7a6b-4437-b5c.npz,efficientnet_b0,"(1280,)",float16,3701,2025-09-29T00:31:12.644675,Tomato_Septoria_leaf_spot
Tomato___Target_Spot_994414de-c6a6-4d55-8a61-eb0cd8d930c0___Com.G_TgS_FL 8367,..\data\Tomato___Target_Spot\994414de-c6a6-4d55-8a61-eb0cd8d930c0___Com.G_TgS_FL 8367.JPG,..\features\encoder_efficientnet_b0\img_0042_Tomato___Target_Spot_994414de-c6a6-4d55-8a61-eb0cd.npz,efficientnet_b0,"(1280,)",float16,3692,2025-09-29T00:30:36.202392,Tomato_Target_Spot
Corn_(maize)___Northern_Leaf_Blight_oversampled_00a14441-7a62-4034-bc40-b196aeab2785___RS_NLB 3932,data\Corn_(maize)___Northern_Leaf_Blight_oversampled\00a14441-7a62-4034-bc40-b196aeab2785___RS_NLB 3932.JPG,..\features\encoder_efficientnet_b0\img_0043_Corn_(maize)___Northern_Leaf_Blight_oversampled_00a14441-7a62-4034-bc40-b196aeab2785___RS_NLB 3932.npz,efficientnet_b0,"(1280,)",float16,3766,2025-09-26T14:20:33.666638,Corn_(maize)_
Potato___Early_blight_7a3630ed-a43c-4957-a604-1de05e8e7f32___RS_Early.B 6795,..\data\Potato___Early_blight\7a3630ed-a43c-4957-a604-1de05e8e7f32___RS_Early.B 6795.JPG,..\features\encoder_efficientnet_b0\img_0043_Potato___Early_blight_7a3630ed-a43c-4957-a604-1de0.npz,efficientnet_b0,"(1280,)",float16,3685,2025-09-29T00:31:12.648680,Potato_Early_blight
Tomato___Bacterial_spot_830824a7-c51d-477e-b987-19ae4d388f48___UF.GRC_BS_Lab Leaf 8838,..\data\Tomato___Bacterial_spot\830824a7-c51d-477e-b987-19ae4d388f48___UF.GRC_BS_Lab Leaf 8838.JPG,..\features\encoder_efficientnet_b0\img_0043_Tomato___Bacterial_spot_830824a7-c51d-477e-b987-19.npz,efficientnet_b0,"(1280,)",float16,3725,2025-09-29T00:30:36.203923,Tomato_Bacterial_spot
Tomato___Septoria_leaf_spot_11a34cf0-d80f-420e-8234-5d0e7295ca5d___Matt.S_CG 2691,..\data\Tomato___Septoria_leaf_spot\11a34cf0-d80f-420e-8234-5d0e7295ca5d___Matt.S_CG 2691.JPG,..\features\encoder_efficientnet_b0\img_0043_Tomato___Septoria_leaf_spot_11a34cf0-d80f-420e-823.npz,efficientnet_b0,"(1280,)",float16,3678,2025-09-29T00:31:19.185404,Tomato_Septoria_leaf_spot
Tomato___Target_Spot_5e690e70-8511-49a2-8986-4cb7154d9acb___Com.G_TgS_FL 9734,..\data\Tomato___Target_Spot\5e690e70-8511-49a2-8986-4cb7154d9acb___Com.G_TgS_FL 9734.JPG,..\features\encoder_efficientnet_b0\img_0043_Tomato___Target_Spot_5e690e70-8511-49a2-8986-4cb71.npz,efficientnet_b0,"(1280,)",float16,3666,2025-09-29T00:31:09.387760,Tomato_Target_Spot
Tomato___Tomato_Yellow_Leaf_Curl_Virus_3f5fc513-d7bb-49ba-aa11-bf01f36fa977___YLCV_GCREC 2061,..\data\Tomato___Tomato_Yellow_Leaf_Curl_Virus\3f5fc513-d7bb-49ba-aa11-bf01f36fa977___YLCV_GCREC 2061.JPG,..\features\encoder_efficientnet_b0\img_0043_Tomato___Tomato_Yellow_Leaf_Curl_Virus_3f5fc513-d7.npz,efficientnet_b0,"(1280,)",float16,3707,2025-09-29T00:31:15.933897,Tomato_Tomato_Yellow_Leaf_Curl_Virus
Corn_(maize)___Northern_Leaf_Blight_oversampled_00a55069-3fa3-405b-8d87-4d3408a6ed98___RS_NLB 3645,data\Corn_(maize)___Northern_Leaf_Blight_oversampled\00a55069-3fa3-405b-8d87-4d3408a6ed98___RS_NLB 3645.JPG,..\features\encoder_efficientnet_b0\img_0044_Corn_(maize)___Northern_Leaf_Blight_oversampled_00a55069-3fa3-405b-8d87-4d3408a6ed98___RS_NLB 3645.npz,efficientnet_b0,"(1280,)",float16,3829,2025-09-26T14:20:33.668597,Corn_(maize)_
Tomato___healthy_4e88356d-0238-4f3c-b718-34bddc184407___RS_HL 0136,..\data\Tomato___healthy\4e88356d-0238-4f3c-b718-34bddc184407___RS_HL 0136.JPG,..\features\encoder_efficientnet_b0\img_0044_Tomato___healthy_4e88356d-0238-4f3c-b718-34bddc184.npz,efficientnet_b0,"(1280,)",float16,3663,2025-09-29T00:30:36.207449,Tomato_healthy
Tomato___Late_blight_5689609d-1132-425a-96d3-070900666ffc___RS_Late.B 5455,..\data\Tomato___Late_blight\5689609d-1132-425a-96d3-070900666ffc___RS_Late.B 5455.JPG,..\features\encoder_efficientnet_b0\img_0044_Tomato___Late_blight_5689609d-1132-425a-96d3-07090.npz,efficientnet_b0,"(1280,)",float16,3686,2025-09-29T00:31:09.390279,Tomato_Late_blight
Tomato___Tomato_Yellow_Leaf_Curl_Virus_37c2cc81-0d24-4030-9f76-399c29561b3f___UF.GRC_YLCV_Lab 02512,..\data\Tomato___Tomato_Yellow_Leaf_Curl_Virus\37c2cc81-0d24-4030-9f76-399c29561b3f___UF.GRC_YLCV_Lab 02512.JPG,..\features\encoder_efficientnet_b0\img_0044_Tomato___Tomato_Yellow_Leaf_Curl_Virus_37c2cc81-0d.npz,efficientnet_b0,"(1280,)",float16,3763,2025-09-29T00:31:19.188924,Tomato_Tomato_Yellow_Leaf_Curl_Virus
Tomato___Tomato_Yellow_Leaf_Curl_Virus_7c252c1c-dce9-4f73-8ba8-6b8efd6fa631___YLCV_GCREC 2148,..\data\Tomato___Tomato_Yellow_Leaf_Curl_Virus\7c252c1c-dce9-4f73-8ba8-6b8efd6fa631___YLCV_GCREC 2148.JPG,..\features\encoder_efficientnet_b0\img_0044_Tomato___Tomato_Yellow_Leaf_Curl_Virus_7c252c1c-dc.npz,efficientnet_b0,"(1280,)",float16,3712,2025-09-29T00:31:12.651177,Tomato_Tomato_Yellow_Leaf_Curl_Virus
Tomato___Tomato_Yellow_Leaf_Curl_Virus_f9b694d5-a9f5-44c8-b16d-0e2fc5cc50c5___YLCV_NREC 2446,..\data\Tomato___Tomato_Yellow_Leaf_Curl_Virus\f9b694d5-a9f5-44c8-b16d-0e2fc5cc50c5___YLCV_NREC 2446.JPG,..\features\encoder_efficientnet_b0\img_0044_Tomato___Tomato_Yellow_Leaf_Curl_Virus_f9b694d5-a9.npz,efficientnet_b0,"(1280,)",float16,3721,2025-09-29T00:31:15.936898,Tomato_Tomato_Yellow_Leaf_Curl_Virus
Corn_(maize)___Northern_Leaf_Blight_oversampled_0118e276-ee7b-4fed-961d-057590ae9f7f___RS_NLB 4666 copy 2,data\Corn_(maize)___Northern_Leaf_Blight_oversampled\0118e276-ee7b-4fed-961d-057590ae9f7f___RS_NLB 4666 copy 2.jpg,..\features\encoder_efficientnet_b0\img_0045_Corn_(maize)___Northern_Leaf_Blight_oversampled_0118e276-ee7b-4fed-961d-057590ae9f7f___RS_NLB 4666 copy 2.npz,efficientnet_b0,"(1280,)",float16,3787,2025-09-26T14:20:33.670279,Corn_(maize)_
Potato___Late_blight_053c5330-129d-4515-84da-82a701710723___RS_LB 4576,..\data\Potato___Late_blight\053c5330-129d-4515-84da-82a701710723___RS_LB 4576.JPG,..\features\encoder_efficientnet_b0\img_0045_Potato___Late_blight_053c5330-129d-4515-84da-82a70.npz,efficientnet_b0,"(1280,)",float16,3692,2025-09-29T00:31:12.653675,Potato_Late_blight
Tomato___Bacterial_spot_32eaa2ed-a83a-431b-8104-4143c39f390f___GCREC_Bact.Sp 3624,..\data\Tomato___Bacterial_spot\32eaa2ed-a83a-431b-8104-4143c39f390f___GCREC_Bact.Sp 3624.JPG,..\features\encoder_efficientnet_b0\img_0045_Tomato___Bacterial_spot_32eaa2ed-a83a-431b-8104-41.npz,efficientnet_b0,"(1280,)",float16,3683,2025-09-29T00:31:19.191421,Tomato_Bacterial_spot
Tomato___healthy_f3231f5f-c6cf-4a37-a3da-5d6e7a8afb0e___RS_HL 0450,..\data\Tomato___healthy\f3231f5f-c6cf-4a37-a3da-5d6e7a8afb0e___RS_HL 0450.JPG,..\features\encoder_efficientnet_b0\img_0045_Tomato___healthy_f3231f5f-c6cf-4a37-a3da-5d6e7a8af.npz,efficientnet_b0,"(1280,)",float16,3669,2025-09-29T00:31:09.393778,Tomato_healthy
Tomato___Leaf_Mold_f3c54833-7b3e-43bf-8d1d-a67a8c6cfd83___Crnl_L.Mold 8858,..\data\Tomato___Leaf_Mold\f3c54833-7b3e-43bf-8d1d-a67a8c6cfd83___Crnl_L.Mold 8858.JPG,..\features\encoder_efficientnet_b0\img_0045_Tomato___Leaf_Mold_f3c54833-7b3e-43bf-8d1d-a67a8c6.npz,efficientnet_b0,"(1280,)",float16,3661,2025-09-29T00:31:15.941431,Tomato_Leaf_Mold
Tomato___Tomato_Yellow_Leaf_Curl_Virus_1559bd4d-251e-4568-9e25-08c1e8fa3674___YLCV_NREC 2384,..\data\Tomato___Tomato_Yellow_Leaf_Curl_Virus\1559bd4d-251e-4568-9e25-08c1e8fa3674___YLCV_NREC 2384.JPG,..\features\encoder_efficientnet_b0\img_0045_Tomato___Tomato_Yellow_Leaf_Curl_Virus_1559bd4d-25.npz,efficientnet_b0,"(1280,)",float16,3736,2025-09-29T00:30:36.210448,Tomato_Tomato_Yellow_Leaf_Curl_Virus
Corn_(maize)___Northern_Leaf_Blight_oversampled_011b766d-7744-420d-a1a1-57bdff9b4ddd___RS_NLB 4128,data\Corn_(maize)___Northern_Leaf_Blight_oversampled\011b766d-7744-420d-a1a1-57bdff9b4ddd___RS_NLB 4128.JPG,..\features\encoder_efficientnet_b0\img_0046_Corn_(maize)___Northern_Leaf_Blight_oversampled_011b766d-7744-420d-a1a1-57bdff9b4ddd___RS_NLB 4128.npz,efficientnet_b0,"(1280,)",float16,3812,2025-09-26T14:20:33.671763,Corn_(maize)_
Potato___Late_blight_d8e3b97f-d362-4e05-8600-a103580aace4___RS_LB 4773,..\data\Potato___Late_blight\d8e3b97f-d362-4e05-8600-a103580aace4___RS_LB 4773.JPG,..\features\encoder_efficientnet_b0\img_0046_Potato___Late_blight_d8e3b97f-d362-4e05-8600-a1035.npz,efficientnet_b0,"(1280,)",float16,3672,2025-09-29T00:30:36.213448,Potato_Late_blight
Tomato___Early_blight_1d1d79c6-824d-4c48-bd59-c83a5cf29229___RS_Erly.B 9547,..\data\Tomato___Early_blight\1d1d79c6-824d-4c48-bd59-c83a5cf29229___RS_Erly.B 9547.JPG,..\features\encoder_efficientnet_b0\img_0046_Tomato___Early_blight_1d1d79c6-824d-4c48-bd59-c83a.npz,efficientnet_b0,"(1280,)",float16,3662,2025-09-29T00:31:19.193424,Tomato_Early_blight
Tomato___healthy_9a3e2912-5d94-4eb0-9bb2-4035eaf4c884___RS_HL 0102,..\data\Tomato___healthy\9a3e2912-5d94-4eb0-9bb2-4035eaf4c884___RS_HL 0102.JPG,..\features\encoder_efficientnet_b0\img_0046_Tomato___healthy_9a3e2912-5d94-4eb0-9bb2-4035eaf4c.npz,efficientnet_b0,"(1280,)",float16,3664,2025-09-29T00:31:09.396780,Tomato_healthy
Tomato___Septoria_leaf_spot_3d638a43-43eb-4f93-85bf-b1cc41ab117f___Matt.S_CG 0751,..\data\Tomato___Septoria_leaf_spot\3d638a43-43eb-4f93-85bf-b1cc41ab117f___Matt.S_CG 0751.JPG,..\features\encoder_efficientnet_b0\img_0046_Tomato___Septoria_leaf_spot_3d638a43-43eb-4f93-85b.npz,efficientnet_b0,"(1280,)",float16,3672,2025-09-29T00:31:12.657702,Tomato_Septoria_leaf_spot
Tomato___Septoria_leaf_spot_8e15b503-716a-4aa4-83f8-62c7d9aae2f1___Matt.S_CG 7655,..\data\Tomato___Septoria_leaf_spot\8e15b503-716a-4aa4-83f8-62c7d9aae2f1___Matt.S_CG 7655.JPG,..\features\encoder_efficientnet_b0\img_0046_Tomato___Septoria_leaf_spot_8e15b503-716a-4aa4-83f.npz,efficientnet_b0,"(1280,)",float16,3689,2025-09-29T00:31:15.944431,Tomato_Septoria_leaf_spot
Corn_(maize)___Northern_Leaf_Blight_oversampled_019e3ef7-aae4-4fd3-b95f-b4e914df7a39___RS_NLB 4284,data\Corn_(maize)___Northern_Leaf_Blight_oversampled\019e3ef7-aae4-4fd3-b95f-b4e914df7a39___RS_NLB 4284.JPG,..\features\encoder_efficientnet_b0\img_0047_Corn_(maize)___Northern_Leaf_Blight_oversampled_019e3ef7-aae4-4fd3-b95f-b4e914df7a39___RS_NLB 4284.npz,efficientnet_b0,"(1280,)",float16,3758,2025-09-26T14:20:33.673721,Corn_(maize)_
Corn_(maize)___Northern_Leaf_Blight_undersampled_a9d8c701-7c8d-4615-9486-6b8d78918ebc___RS_NLB 3866,..\data\Corn_(maize)___Northern_Leaf_Blight_undersampled\a9d8c701-7c8d-4615-9486-6b8d78918ebc___RS_NLB 3866.JPG,..\features\encoder_efficientnet_b0\img_0047_Corn_(maize)___Northern_Leaf_Blight_undersampled_a.npz,efficientnet_b0,"(1280,)",float16,3755,2025-09-29T00:30:36.215949,Corn_(maize)_Northern_Leaf_Blight_undersampled
Potato___Early_blight_320be8ee-2f9a-48f2-86fa-1c1d993a2fe2___RS_Early.B 8186,..\data\Potato___Early_blight\320be8ee-2f9a-48f2-86fa-1c1d993a2fe2___RS_Early.B 8186.JPG,..\features\encoder_efficientnet_b0\img_0047_Potato___Early_blight_320be8ee-2f9a-48f2-86fa-1c1d.npz,efficientnet_b0,"(1280,)",float16,3663,2025-09-29T00:31:12.661704,Potato_Early_blight
Tomato___Septoria_leaf_spot_563ce6e0-3d79-428c-b30f-3f3dd1e9b4e4___Matt.S_CG 6536,..\data\Tomato___Septoria_leaf_spot\563ce6e0-3d79-428c-b30f-3f3dd1e9b4e4___Matt.S_CG 6536.JPG,..\features\encoder_efficientnet_b0\img_0047_Tomato___Septoria_leaf_spot_563ce6e0-3d79-428c-b30.npz,efficientnet_b0,"(1280,)",float16,3688,2025-09-29T00:31:15.946930,Tomato_Septoria_leaf_spot
Tomato___Tomato_Yellow_Leaf_Curl_Virus_785b8aa5-f6e9-4e47-8b65-28d32572912e___UF.GRC_YLCV_Lab 02386,..\data\Tomato___Tomato_Yellow_Leaf_Curl_Virus\785b8aa5-f6e9-4e47-8b65-28d32572912e___UF.GRC_YLCV_Lab 02386.JPG,..\features\encoder_efficientnet_b0\img_0047_Tomato___Tomato_Yellow_Leaf_Curl_Virus_785b8aa5-f6.npz,efficientnet_b0,"(1280,)",float16,3701,2025-09-29T00:31:19.195418,Tomato_Tomato_Yellow_Leaf_Curl_Virus
Tomato___Tomato_Yellow_Leaf_Curl_Virus_8f7ac9bf-9c84-4ea4-9360-6d357776c69c___UF.GRC_YLCV_Lab 02179,..\data\Tomato___Tomato_Yellow_Leaf_Curl_Virus\8f7ac9bf-9c84-4ea4-9360-6d357776c69c___UF.GRC_YLCV_Lab 02179.JPG,..\features\encoder_efficientnet_b0\img_0047_Tomato___Tomato_Yellow_Leaf_Curl_Virus_8f7ac9bf-9c.npz,efficientnet_b0,"(1280,)",float16,3726,2025-09-29T00:31:09.398778,Tomato_Tomato_Yellow_Leaf_Curl_Virus
Corn_(maize)___Northern_Leaf_Blight_oversampled_022817bd-6a93-4b0a-ac39-1cc4094128b1___RS_NLB 3476,data\Corn_(maize)___Northern_Leaf_Blight_oversampled\022817bd-6a93-4b0a-ac39-1cc4094128b1___RS_NLB 3476.JPG,..\features\encoder_efficientnet_b0\img_0048_Corn_(maize)___Northern_Leaf_Blight_oversampled_022817bd-6a93-4b0a-ac39-1cc4094128b1___RS_NLB 3476.npz,efficientnet_b0,"(1280,)",float16,3791,2025-09-26T14:20:33.726205,Corn_(maize)_
Corn_(maize)___Northern_Leaf_Blight_undersampled_99f77104-ed40-46c6-aed2-91c58cc3ffa7___RS_NLB 4246,..\data\Corn_(maize)___Northern_Leaf_Blight_undersampled\99f77104-ed40-46c6-aed2-91c58cc3ffa7___RS_NLB 4246.JPG,..\features\encoder_efficientnet_b0\img_0048_Corn_(maize)___Northern_Leaf_Blight_undersampled_9.npz,efficientnet_b0,"(1280,)",float16,3740,2025-09-29T00:31:09.401281,Corn_(maize)_Northern_Leaf_Blight_undersampled
Tomato___Bacterial_spot_1506485f-0fba-4e0a-aecf-36f9c5bae096___GCREC_Bact.Sp 5543,..\data\Tomato___Bacterial_spot\1506485f-0fba-4e0a-aecf-36f9c5bae096___GCREC_Bact.Sp 5543.JPG,..\features\encoder_efficientnet_b0\img_0048_Tomato___Bacterial_spot_1506485f-0fba-4e0a-aecf-36.npz,efficientnet_b0,"(1280,)",float16,3692,2025-09-29T00:30:36.217449,Tomato_Bacterial_spot
Tomato___Bacterial_spot_f0f7740b-f202-4119-9d9c-b187fe33829a___GCREC_Bact.Sp 3247,..\data\Tomato___Bacterial_spot\f0f7740b-f202-4119-9d9c-b187fe33829a___GCREC_Bact.Sp 3247.JPG,..\features\encoder_efficientnet_b0\img_0048_Tomato___Bacterial_spot_f0f7740b-f202-4119-9d9c-b1.npz,efficientnet_b0,"(1280,)",float16,3704,2025-09-29T00:31:12.664198,Tomato_Bacterial_spot
Tomato___healthy_3ee909e6-4de7-4120-bb0e-bd71627f8bf1___RS_HL 9782,..\data\Tomato___healthy\3ee909e6-4de7-4120-bb0e-bd71627f8bf1___RS_HL 9782.JPG,..\features\encoder_efficientnet_b0\img_0048_Tomato___healthy_3ee909e6-4de7-4120-bb0e-bd71627f8.npz,efficientnet_b0,"(1280,)",float16,3670,2025-09-29T00:31:15.948930,Tomato_healthy
Tomato___Tomato_Yellow_Leaf_Curl_Virus_b6bd0474-9f04-4dc0-a412-de38a9ae5154___UF.GRC_YLCV_Lab 02397,..\data\Tomato___Tomato_Yellow_Leaf_Curl_Virus\b6bd0474-9f04-4dc0-a412-de38a9ae5154___UF.GRC_YLCV_Lab 02397.JPG,..\features\encoder_efficientnet_b0\img_0048_Tomato___Tomato_Yellow_Leaf_Curl_Virus_b6bd0474-9f.npz,efficientnet_b0,"(1280,)",float16,3744,2025-09-29T00:31:19.197930,Tomato_Tomato_Yellow_Leaf_Curl_Virus
Corn_(maize)___Northern_Leaf_Blight_oversampled_024fb674-fdcb-4777-a8d6-8a13abb58d8f___RS_NLB 3992,data\Corn_(maize)___Northern_Leaf_Blight_oversampled\024fb674-fdcb-4777-a8d6-8a13abb58d8f___RS_NLB 3992.JPG,..\features\encoder_efficientnet_b0\img_0049_Corn_(maize)___Northern_Leaf_Blight_oversampled_024fb674-fdcb-4777-a8d6-8a13abb58d8f___RS_NLB 3992.npz,efficientnet_b0,"(1280,)",float16,3806,2025-09-26T14:20:33.727878,Corn_(maize)_
Corn_(maize)___Northern_Leaf_Blight_undersampled_d312ede5-f6d0-4446-8b4d-d0ae6e13864f___RS_NLB 4169,..\data\Corn_(maize)___Northern_Leaf_Blight_undersampled\d312ede5-f6d0-4446-8b4d-d0ae6e13864f___RS_NLB 4169.JPG,..\features\encoder_efficientnet_b0\img_0049_Corn_(maize)___Northern_Leaf_Blight_undersampled_d.npz,efficientnet_b0,"(1280,)",float16,3719,2025-09-29T00:31:12.666697,Corn_(maize)_Northern_Leaf_Blight_undersampled
Potato___Early_blight_1d18a770-8a16-4765-bae9-5d96f781db89___RS_Early.B 7803,..\data\Potato___Early_blight\1d18a770-8a16-4765-bae9-5d96f781db89___RS_Early.B 7803.JPG,..\features\encoder_efficientnet_b0\img_0049_Potato___Early_blight_1d18a770-8a16-4765-bae9-5d96.npz,efficientnet_b0,"(1280,)",float16,3677,2025-09-29T00:31:19.199945,Potato_Early_blight
Tomato___healthy_b0bf12cb-8868-4762-bd27-8cb3ebf69594___GH_HL Leaf 512.1,..\data\Tomato___healthy\b0bf12cb-8868-4762-bd27-8cb3ebf69594___GH_HL Leaf 512.1.JPG,..\features\encoder_efficientnet_b0\img_0049_Tomato___healthy_b0bf12cb-8868-4762-bd27-8cb3ebf69.npz,efficientnet_b0,"(1280,)",float16,3629,2025-09-29T00:31:09.403776,Tomato_healthy
Tomato___Tomato_Yellow_Leaf_Curl_Virus_808b6996-655a-44e8-a730-7ca4c2f0df75___YLCV_NREC 0085,..\data\Tomato___Tomato_Yellow_Leaf_Curl_Virus\808b6996-655a-44e8-a730-7ca4c2f0df75___YLCV_NREC 0085.JPG,..\features\encoder_efficientnet_b0\img_0049_Tomato___Tomato_Yellow_Leaf_Curl_Virus_808b6996-65.npz,efficientnet_b0,"(1280,)",float16,3673,2025-09-29T00:31:15.951931,Tomato_Tomato_Yellow_Leaf_Curl_Virus
Tomato___Tomato_Yellow_Leaf_Curl_Virus_f60044f6-40aa-4181-ac8c-3c79bb42a3fe___UF.GRC_YLCV_Lab 01817,..\data\Tomato___Tomato_Yellow_Leaf_Curl_Virus\f60044f6-40aa-4181-ac8c-3c79bb42a3fe___UF.GRC_YLCV_Lab 01817.JPG,..\features\encoder_efficientnet_b0\img_0049_Tomato___Tomato_Yellow_Leaf_Curl_Virus_f60044f6-40.npz,efficientnet_b0,"(1280,)",float16,3669,2025-09-29T00:30:36.219950,Tomato_Tomato_Yellow_Leaf_Curl_Virus
Corn_(maize)___Northern_Leaf_Blight_undersampled_005318c8-a5fa-4420-843b-23bdda7322c2___RS_NLB 3853 copy,data\Corn_(maize)___Northern_Leaf_Blight_undersampled\005318c8-a5fa-4420-843b-23bdda7322c2___RS_NLB 3853 copy.jpg,..\features\encoder_efficientnet_b0\img_0050_Corn_(maize)___Northern_Leaf_Blight_undersampled_005318c8-a5fa-4420-843b-23bdda7322c2___RS_NLB 3853 copy.npz,efficientnet_b0,"(1280,)",float16,3817,2025-09-26T14:20:33.729219,Corn_(maize)_
Corn_(maize)___Northern_Leaf_Blight_undersampled_6522ad4a-5629-4510-ac5e-bf854c42d3fb___RS_NLB 4034,..\data\Corn_(maize)___Northern_Leaf_Blight_undersampled\6522ad4a-5629-4510-ac5e-bf854c42d3fb___RS_NLB 4034.JPG,..\features\encoder_efficientnet_b0\img_0050_Corn_(maize)___Northern_Leaf_Blight_undersampled_6.npz,efficientnet_b0,"(1280,)",float16,3753,2025-09-29T00:30:36.221445,Corn_(maize)_Northern_Leaf_Blight_undersampled
Tomato___Bacterial_spot_1a47b569-a868-4a45-ad81-eec12a9dae7a___GCREC_Bact.Sp 6148,..\data\Tomato___Bacterial_spot\1a47b569-a868-4a45-ad81-eec12a9dae7a___GCREC_Bact.Sp 6148.JPG,..\features\encoder_efficientnet_b0\img_0050_Tomato___Bacterial_spot_1a47b569-a868-4a45-ad81-ee.npz,efficientnet_b0,"(1280,)",float16,3720,2025-09-29T00:31:15.954439,Tomato_Bacterial_spot
Tomato___Early_blight_8a1d3598-cd1d-4978-9e18-b5e205108540___RS_Erly.B 8315,..\data\Tomato___Early_blight\8a1d3598-cd1d-4978-9e18-b5e205108540___RS_Erly.B 8315.JPG,..\features\encoder_efficientnet_b0\img_0050_Tomato___Early_blight_8a1d3598-cd1d-4978-9e18-b5e2.npz,efficientnet_b0,"(1280,)",float16,3717,2025-09-29T00:31:19.201946,Tomato_Early_blight
Tomato___Tomato_Yellow_Leaf_Curl_Virus_369ced5b-20e4-4c91-b54e-cff2c3056be6___YLCV_NREC 2739,..\data\Tomato___Tomato_Yellow_Leaf_Curl_Virus\369ced5b-20e4-4c91-b54e-cff2c3056be6___YLCV_NREC 2739.JPG,..\features\encoder_efficientnet_b0\img_0050_Tomato___Tomato_Yellow_Leaf_Curl_Virus_369ced5b-20.npz,efficientnet_b0,"(1280,)",float16,3708,2025-09-29T00:31:12.668702,Tomato_Tomato_Yellow_Leaf_Curl_Virus
Tomato___Tomato_Yellow_Leaf_Curl_Virus_74523444-1909-4f6e-a643-05857aa94a74___UF.GRC_YLCV_Lab 09381,..\data\Tomato___Tomato_Yellow_Leaf_Curl_Virus\74523444-1909-4f6e-a643-05857aa94a74___UF.GRC_YLCV_Lab 09381.JPG,..\features\encoder_efficientnet_b0\img_0050_Tomato___Tomato_Yellow_Leaf_Curl_Virus_74523444-19.npz,efficientnet_b0,"(1280,)",float16,3722,2025-09-29T00:31:09.406313,Tomato_Tomato_Yellow_Leaf_Curl_Virus
Corn_(maize)___Common_rust__RS_Rust 2286,..\data\Corn_(maize)___Common_rust_\RS_Rust 2286.JPG,..\features\encoder_efficientnet_b0\img_0051_Corn_(maize)___Common_rust__RS_Rust 2286.npz,efficientnet_b0,"(1280,)",float16,3606,2025-09-29T00:31:19.205465,Corn_(maize)_Common_rust_
Corn_(maize)___Northern_Leaf_Blight_oversampled_bb45a9ae-144d-4aa1-a863-76969dc9a84b___RS_NLB 3527,..\data\Corn_(maize)___Northern_Leaf_Blight_oversampled\bb45a9ae-144d-4aa1-a863-76969dc9a84b___RS_NLB 3527.JPG,..\features\encoder_efficientnet_b0\img_0051_Corn_(maize)___Northern_Leaf_Blight_oversampled_bb.npz,efficientnet_b0,"(1280,)",float16,3748,2025-09-29T00:31:15.958454,Corn_(maize)_Northern_Leaf_Blight_oversampled
Corn_(maize)___Northern_Leaf_Blight_undersampled_0079c731-80f5-4fea-b6a2-4ff23a7ce139___RS_NLB 4121,data\Corn_(maize)___Northern_Leaf_Blight_undersampled\0079c731-80f5-4fea-b6a2-4ff23a7ce139___RS_NLB 4121.JPG,..\features\encoder_efficientnet_b0\img_0051_Corn_(maize)___Northern_Leaf_Blight_undersampled_0079c731-80f5-4fea-b6a2-4ff23a7ce139___RS_NLB 4121.npz,efficientnet_b0,"(1280,)",float16,3813,2025-09-26T14:20:33.730536,Corn_(maize)_
Corn_(maize)___Northern_Leaf_Blight_undersampled_5c9325f7-10c4-4628-a6e5-f5932f1d4122___RS_NLB 4261,..\data\Corn_(maize)___Northern_Leaf_Blight_undersampled\5c9325f7-10c4-4628-a6e5-f5932f1d4122___RS_NLB 4261.JPG,..\features\encoder_efficientnet_b0\img_0051_Corn_(maize)___Northern_Leaf_Blight_undersampled_5.npz,efficientnet_b0,"(1280,)",float16,3770,2025-09-29T00:31:09.409309,Corn_(maize)_Northern_Leaf_Blight_undersampled
Corn_(maize)___Northern_Leaf_Blight_undersampled_c5f896e0-5526-4016-b74e-65c6f8629e8a___RS_NLB 3593,..\data\Corn_(maize)___Northern_Leaf_Blight_undersampled\c5f896e0-5526-4016-b74e-65c6f8629e8a___RS_NLB 3593.JPG,..\features\encoder_efficientnet_b0\img_0051_Corn_(maize)___Northern_Leaf_Blight_undersampled_c.npz,efficientnet_b0,"(1280,)",float16,3722,2025-09-29T00:30:36.224974,Corn_(maize)_Northern_Leaf_Blight_undersampled
Tomato___Leaf_Mold_fd686c68-9a4a-4d11-98fa-7c612aff9fd4___Crnl_L.Mold 6974,..\data\Tomato___Leaf_Mold\fd686c68-9a4a-4d11-98fa-7c612aff9fd4___Crnl_L.Mold 6974.JPG,..\features\encoder_efficientnet_b0\img_0051_Tomato___Leaf_Mold_fd686c68-9a4a-4d11-98fa-7c612af.npz,efficientnet_b0,"(1280,)",float16,3663,2025-09-29T00:31:12.670209,Tomato_Leaf_Mold
Corn_(maize)___Common_rust__RS_Rust 1725,..\data\Corn_(maize)___Common_rust_\RS_Rust 1725.JPG,..\features\encoder_efficientnet_b0\img_0052_Corn_(maize)___Common_rust__RS_Rust 1725.npz,efficientnet_b0,"(1280,)",float16,3610,2025-09-29T00:31:12.673233,Corn_(maize)_Common_rust_
Corn_(maize)___Northern_Leaf_Blight_undersampled_008d9af0-7568-4a67-bb1a-0e915836ddc0___RS_NLB 4165 copy 2,data\Corn_(maize)___Northern_Leaf_Blight_undersampled\008d9af0-7568-4a67-bb1a-0e915836ddc0___RS_NLB 4165 copy 2.jpg,..\features\encoder_efficientnet_b0\img_0052_Corn_(maize)___Northern_Leaf_Blight_undersampled_008d9af0-7568-4a67-bb1a-0e915836ddc0___RS_NLB 4165 copy 2.npz,efficientnet_b0,"(1280,)",float16,3817,2025-09-26T14:20:33.731753,Corn_(maize)_
Potato___Early_blight_c91060f7-f9dd-4930-ad0a-8a4a6bd803d2___RS_Early.B 7869,..\data\Potato___Early_blight\c91060f7-f9dd-4930-ad0a-8a4a6bd803d2___RS_Early.B 7869.JPG,..\features\encoder_efficientnet_b0\img_0052_Potato___Early_blight_c91060f7-f9dd-4930-ad0a-8a4a.npz,efficientnet_b0,"(1280,)",float16,3673,2025-09-29T00:31:15.960456,Potato_Early_blight
Tomato___Early_blight_acc5fb41-7b03-44c2-8167-47346b97791a___RS_Erly.B 8320,..\data\Tomato___Early_blight\acc5fb41-7b03-44c2-8167-47346b97791a___RS_Erly.B 8320.JPG,..\features\encoder_efficientnet_b0\img_0052_Tomato___Early_blight_acc5fb41-7b03-44c2-8167-4734.npz,efficientnet_b0,"(1280,)",float16,3692,2025-09-29T00:31:19.207981,Tomato_Early_blight
Tomato___healthy_c9f92d4b-9d9c-4932-ba1b-bc290987c154___RS_HL 0350,..\data\Tomato___healthy\c9f92d4b-9d9c-4932-ba1b-bc290987c154___RS_HL 0350.JPG,..\features\encoder_efficientnet_b0\img_0052_Tomato___healthy_c9f92d4b-9d9c-4932-ba1b-bc290987c.npz,efficientnet_b0,"(1280,)",float16,3685,2025-09-29T00:31:09.412308,Tomato_healthy
Tomato___Leaf_Mold_1a1acd8f-bd8d-47be-945d-ce308dffd678___Crnl_L.Mold 6675,..\data\Tomato___Leaf_Mold\1a1acd8f-bd8d-47be-945d-ce308dffd678___Crnl_L.Mold 6675.JPG,..\features\encoder_efficientnet_b0\img_0052_Tomato___Leaf_Mold_1a1acd8f-bd8d-47be-945d-ce308df.npz,efficientnet_b0,"(1280,)",float16,3650,2025-09-29T00:30:36.226975,Tomato_Leaf_Mold
Corn_(maize)___Northern_Leaf_Blight_oversampled_311621c2-ce96-4e4d-ae49-b303619e1f9f___RS_NLB 3632,..\data\Corn_(maize)___Northern_Leaf_Blight_oversampled\311621c2-ce96-4e4d-ae49-b303619e1f9f___RS_NLB 3632.JPG,..\features\encoder_efficientnet_b0\img_0053_Corn_(maize)___Northern_Leaf_Blight_oversampled_31.npz,efficientnet_b0,"(1280,)",float16,3749,2025-09-29T00:30:36.228478,Corn_(maize)_Northern_Leaf_Blight_oversampled
Corn_(maize)___Northern_Leaf_Blight_undersampled_00a14441-7a62-4034-bc40-b196aeab2785___RS_NLB 3932,data\Corn_(maize)___Northern_Leaf_Blight_undersampled\00a14441-7a62-4034-bc40-b196aeab2785___RS_NLB 3932.JPG,..\features\encoder_efficientnet_b0\img_0053_Corn_(maize)___Northern_Leaf_Blight_undersampled_00a14441-7a62-4034-bc40-b196aeab2785___RS_NLB 3932.npz,efficientnet_b0,"(1280,)",float16,3769,2025-09-26T14:20:33.732982,Corn_(maize)_
Corn_(maize)___Northern_Leaf_Blight_undersampled_ef2883c1-77cd-4b12-98bc-db371e596eb7___RS_NLB 3989,..\data\Corn_(maize)___Northern_Leaf_Blight_undersampled\ef2883c1-77cd-4b12-98bc-db371e596eb7___RS_NLB 3989.JPG,..\features\encoder_efficientnet_b0\img_0053_Corn_(maize)___Northern_Leaf_Blight_undersampled_e.npz,efficientnet_b0,"(1280,)",float16,3762,2025-09-29T00:31:12.677235,Corn_(maize)_Northern_Leaf_Blight_undersampled
Tomato___Spider_mites Two-spotted_spider_mite_2cd8d4c9-6eb7-4ed2-808f-df3ae1aedf7a___Com.G_SpM_FL 9621,..\data\Tomato___Spider_mites Two-spotted_spider_mite\2cd8d4c9-6eb7-4ed2-808f-df3ae1aedf7a___Com.G_SpM_FL 9621.JPG,..\features\encoder_efficientnet_b0\img_0053_Tomato___Spider_mites Two-spotted_spider_mite_2cd8.npz,efficientnet_b0,"(1280,)",float16,3713,2025-09-29T00:31:09.414307,Tomato_Spider_mites Two-spotted_spider_mite
Tomato___Tomato_Yellow_Leaf_Curl_Virus_aef82d5f-88cf-4b36-9652-04df2ab72d22___YLCV_GCREC 2128,..\data\Tomato___Tomato_Yellow_Leaf_Curl_Virus\aef82d5f-88cf-4b36-9652-04df2ab72d22___YLCV_GCREC 2128.JPG,..\features\encoder_efficientnet_b0\img_0053_Tomato___Tomato_Yellow_Leaf_Curl_Virus_aef82d5f-88.npz,efficientnet_b0,"(1280,)",float16,3677,2025-09-29T00:31:19.210481,Tomato_Tomato_Yellow_Leaf_Curl_Virus
Tomato___Tomato_Yellow_Leaf_Curl_Virus_e401d0e1-88c0-4dba-add4-7d76d135b153___UF.GRC_YLCV_Lab 03402,..\data\Tomato___Tomato_Yellow_Leaf_Curl_Virus\e401d0e1-88c0-4dba-add4-7d76d135b153___UF.GRC_YLCV_Lab 03402.JPG,..\features\encoder_efficientnet_b0\img_0053_Tomato___Tomato_Yellow_Leaf_Curl_Virus_e401d0e1-88.npz,efficientnet_b0,"(1280,)",float16,3707,2025-09-29T00:31:15.963462,Tomato_Tomato_Yellow_Leaf_Curl_Virus
Corn_(maize)___healthy_cb4a3d83-e307-4eb7-8723-21ae84d4fb64___R.S_HL 8244 copy 2,..\data\Corn_(maize)___healthy\cb4a3d83-e307-4eb7-8723-21ae84d4fb64___R.S_HL 8244 copy 2.jpg,..\features\encoder_efficientnet_b0\img_0054_Corn_(maize)___healthy_cb4a3d83-e307-4eb7-8723-21a.npz,efficientnet_b0,"(1280,)",float16,3683,2025-09-29T00:31:12.679738,Corn_(maize)_healthy
Corn_(maize)___Northern_Leaf_Blight_9fec4d0d-462f-4b8f-8731-be6961908639___RS_NLB 3612,..\data\Corn_(maize)___Northern_Leaf_Blight\9fec4d0d-462f-4b8f-8731-be6961908639___RS_NLB 3612.JPG,..\features\encoder_efficientnet_b0\img_0054_Corn_(maize)___Northern_Leaf_Blight_9fec4d0d-462f-.npz,efficientnet_b0,"(1280,)",float16,3718,2025-09-29T00:31:09.416809,Corn_(maize)_Northern_Leaf_Blight
Corn_(maize)___Northern_Leaf_Blight_undersampled_00a55069-3fa3-405b-8d87-4d3408a6ed98___RS_NLB 3645,data\Corn_(maize)___Northern_Leaf_Blight_undersampled\00a55069-3fa3-405b-8d87-4d3408a6ed98___RS_NLB 3645.JPG,..\features\encoder_efficientnet_b0\img_0054_Corn_(maize)___Northern_Leaf_Blight_undersampled_00a55069-3fa3-405b-8d87-4d3408a6ed98___RS_NLB 3645.npz,efficientnet_b0,"(1280,)",float16,3827,2025-09-26T14:20:33.734925,Corn_(maize)_
Tomato___healthy_38670ac4-67ad-4b00-a37b-3fb82d58aa86___RS_HL 9762,..\data\Tomato___healthy\38670ac4-67ad-4b00-a37b-3fb82d58aa86___RS_HL 9762.JPG,..\features\encoder_efficientnet_b0\img_0054_Tomato___healthy_38670ac4-67ad-4b00-a37b-3fb82d58a.npz,efficientnet_b0,"(1280,)",float16,3670,2025-09-29T00:30:36.230970,Tomato_healthy
Tomato___Tomato_Yellow_Leaf_Curl_Virus_240c1031-e5e1-4cbd-a111-7998741042b1___UF.GRC_YLCV_Lab 01859,..\data\Tomato___Tomato_Yellow_Leaf_Curl_Virus\240c1031-e5e1-4cbd-a111-7998741042b1___UF.GRC_YLCV_Lab 01859.JPG,..\features\encoder_efficientnet_b0\img_0054_Tomato___Tomato_Yellow_Leaf_Curl_Virus_240c1031-e5.npz,efficientnet_b0,"(1280,)",float16,3733,2025-09-29T00:31:19.212472,Tomato_Tomato_Yellow_Leaf_Curl_Virus
Tomato___Tomato_Yellow_Leaf_Curl_Virus_40bb4231-7f46-47ff-8647-217bc369317a___YLCV_NREC 2684,..\data\Tomato___Tomato_Yellow_Leaf_Curl_Virus\40bb4231-7f46-47ff-8647-217bc369317a___YLCV_NREC 2684.JPG,..\features\encoder_efficientnet_b0\img_0054_Tomato___Tomato_Yellow_Leaf_Curl_Virus_40bb4231-7f.npz,efficientnet_b0,"(1280,)",float16,3720,2025-09-29T00:31:15.965458,Tomato_Tomato_Yellow_Leaf_Curl_Virus
Corn_(maize)___Northern_Leaf_Blight_undersampled_0118e276-ee7b-4fed-961d-057590ae9f7f___RS_NLB 4666 copy 2,data\Corn_(maize)___Northern_Leaf_Blight_undersampled\0118e276-ee7b-4fed-961d-057590ae9f7f___RS_NLB 4666 copy 2.jpg,..\features\encoder_efficientnet_b0\img_0055_Corn_(maize)___Northern_Leaf_Blight_undersampled_0118e276-ee7b-4fed-961d-057590ae9f7f___RS_NLB 4666 copy 2.npz,efficientnet_b0,"(1280,)",float16,3794,2025-09-26T14:20:33.737042,Corn_(maize)_
Potato___Early_blight_7ace85c1-a488-4df2-8162-b73c17032099___RS_Early.B 7541,..\data\Potato___Early_blight\7ace85c1-a488-4df2-8162-b73c17032099___RS_Early.B 7541.JPG,..\features\encoder_efficientnet_b0\img_0055_Potato___Early_blight_7ace85c1-a488-4df2-8162-b73c.npz,efficientnet_b0,"(1280,)",float16,3682,2025-09-29T00:31:12.682261,Potato_Early_blight
Tomato___Bacterial_spot_d9461bb6-7502-4f29-80eb-e691b7f5619f___GCREC_Bact.Sp 6293,..\data\Tomato___Bacterial_spot\d9461bb6-7502-4f29-80eb-e691b7f5619f___GCREC_Bact.Sp 6293.JPG,..\features\encoder_efficientnet_b0\img_0055_Tomato___Bacterial_spot_d9461bb6-7502-4f29-80eb-e6.npz,efficientnet_b0,"(1280,)",float16,3674,2025-09-29T00:30:36.233471,Tomato_Bacterial_spot
Tomato___Late_blight_3ac52b85-d4a3-4958-9e68-399b919cf7b0___GHLB2 Leaf 8638,..\data\Tomato___Late_blight\3ac52b85-d4a3-4958-9e68-399b919cf7b0___GHLB2 Leaf 8638.JPG,..\features\encoder_efficientnet_b0\img_0055_Tomato___Late_blight_3ac52b85-d4a3-4958-9e68-399b9.npz,efficientnet_b0,"(1280,)",float16,3680,2025-09-29T00:31:15.967455,Tomato_Late_blight
Tomato___Septoria_leaf_spot_badbd0d4-8e02-49bf-a042-87ae373ca66f___Matt.S_CG 6741,..\data\Tomato___Septoria_leaf_spot\badbd0d4-8e02-49bf-a042-87ae373ca66f___Matt.S_CG 6741.JPG,..\features\encoder_efficientnet_b0\img_0055_Tomato___Septoria_leaf_spot_badbd0d4-8e02-49bf-a04.npz,efficientnet_b0,"(1280,)",float16,3691,2025-09-29T00:31:19.214975,Tomato_Septoria_leaf_spot
Tomato___Target_Spot_0044d10f-7062-4655-8abd-9fffc5b2f152___Com.G_TgS_FL 7908,..\data\Tomato___Target_Spot\0044d10f-7062-4655-8abd-9fffc5b2f152___Com.G_TgS_FL 7908.JPG,..\features\encoder_efficientnet_b0\img_0055_Tomato___Target_Spot_0044d10f-7062-4655-8abd-9fffc.npz,efficientnet_b0,"(1280,)",float16,3683,2025-09-29T00:31:09.419808,Tomato_Target_Spot
Corn_(maize)___Northern_Leaf_Blight_undersampled_011b766d-7744-420d-a1a1-57bdff9b4ddd___RS_NLB 4128,data\Corn_(maize)___Northern_Leaf_Blight_undersampled\011b766d-7744-420d-a1a1-57bdff9b4ddd___RS_NLB 4128.JPG,..\features\encoder_efficientnet_b0\img_0056_Corn_(maize)___Northern_Leaf_Blight_undersampled_011b766d-7744-420d-a1a1-57bdff9b4ddd___RS_NLB 4128.npz,efficientnet_b0,"(1280,)",float16,3808,2025-09-26T14:20:33.794137,Corn_(maize)_
Tomato___Bacterial_spot_086dd5ed-279a-458b-aa4a-1484305ac21c___UF.GRC_BS_Lab Leaf 8835,..\data\Tomato___Bacterial_spot\086dd5ed-279a-458b-aa4a-1484305ac21c___UF.GRC_BS_Lab Leaf 8835.JPG,..\features\encoder_efficientnet_b0\img_0056_Tomato___Bacterial_spot_086dd5ed-279a-458b-aa4a-14.npz,efficientnet_b0,"(1280,)",float16,3696,2025-09-29T00:31:12.684765,Tomato_Bacterial_spot
Tomato___Bacterial_spot_ae7425b4-aaae-44e0-ae8e-19623a66ed70___GCREC_Bact.Sp 2958,..\data\Tomato___Bacterial_spot\ae7425b4-aaae-44e0-ae8e-19623a66ed70___GCREC_Bact.Sp 2958.JPG,..\features\encoder_efficientnet_b0\img_0056_Tomato___Bacterial_spot_ae7425b4-aaae-44e0-ae8e-19.npz,efficientnet_b0,"(1280,)",float16,3675,2025-09-29T00:31:19.217475,Tomato_Bacterial_spot
Tomato___Late_blight_9c726f4e-045b-4080-b53d-d7e66d45bcb1___RS_Late.B 4876,..\data\Tomato___Late_blight\9c726f4e-045b-4080-b53d-d7e66d45bcb1___RS_Late.B 4876.JPG,..\features\encoder_efficientnet_b0\img_0056_Tomato___Late_blight_9c726f4e-045b-4080-b53d-d7e66.npz,efficientnet_b0,"(1280,)",float16,3697,2025-09-29T00:31:15.969453,Tomato_Late_blight
Tomato___Leaf_Mold_ecee5a37-1c82-4f93-a9d9-d1c098e6514d___Crnl_L.Mold 8618,..\data\Tomato___Leaf_Mold\ecee5a37-1c82-4f93-a9d9-d1c098e6514d___Crnl_L.Mold 8618.JPG,..\features\encoder_efficientnet_b0\img_0056_Tomato___Leaf_Mold_ecee5a37-1c82-4f93-a9d9-d1c098e.npz,efficientnet_b0,"(1280,)",float16,3675,2025-09-29T00:30:36.235975,Tomato_Leaf_Mold
Tomato___Tomato_Yellow_Leaf_Curl_Virus_5fb7461a-cff3-4fd1-a7b6-23d1097afa8e___YLCV_GCREC 5491,..\data\Tomato___Tomato_Yellow_Leaf_Curl_Virus\5fb7461a-cff3-4fd1-a7b6-23d1097afa8e___YLCV_GCREC 5491.JPG,..\features\encoder_efficientnet_b0\img_0056_Tomato___Tomato_Yellow_Leaf_Curl_Virus_5fb7461a-cf.npz,efficientnet_b0,"(1280,)",float16,3650,2025-09-29T00:31:09.421826,Tomato_Tomato_Yellow_Leaf_Curl_Virus
Corn_(maize)___Northern_Leaf_Blight_undersampled_019e3ef7-aae4-4fd3-b95f-b4e914df7a39___RS_NLB 4284,data\Corn_(maize)___Northern_Leaf_Blight_undersampled\019e3ef7-aae4-4fd3-b95f-b4e914df7a39___RS_NLB 4284.JPG,..\features\encoder_efficientnet_b0\img_0057_Corn_(maize)___Northern_Leaf_Blight_undersampled_019e3ef7-aae4-4fd3-b95f-b4e914df7a39___RS_NLB 4284.npz,efficientnet_b0,"(1280,)",float16,3758,2025-09-26T14:20:33.796096,Corn_(maize)_
Tomato___Spider_mites Two-spotted_spider_mite_695e2809-20ee-462e-ad6f-2ee6f8704c2a___Com.G_SpM_FL 8531,..\data\Tomato___Spider_mites Two-spotted_spider_mite\695e2809-20ee-462e-ad6f-2ee6f8704c2a___Com.G_SpM_FL 8531.JPG,..\features\encoder_efficientnet_b0\img_0057_Tomato___Spider_mites Two-spotted_spider_mite_695e.npz,efficientnet_b0,"(1280,)",float16,3758,2025-09-29T00:31:15.972484,Tomato_Spider_mites Two-spotted_spider_mite
Tomato___Spider_mites Two-spotted_spider_mite_b6021a77-4136-43e0-a890-f3a5fa0bba42___Com.G_SpM_FL 1607,..\data\Tomato___Spider_mites Two-spotted_spider_mite\b6021a77-4136-43e0-a890-f3a5fa0bba42___Com.G_SpM_FL 1607.JPG,..\features\encoder_efficientnet_b0\img_0057_Tomato___Spider_mites Two-spotted_spider_mite_b602.npz,efficientnet_b0,"(1280,)",float16,3725,2025-09-29T00:31:19.219974,Tomato_Spider_mites Two-spotted_spider_mite
Tomato___Target_Spot_599977a3-0c46-46f5-aa5c-ed293caf7a09___Com.G_TgS_FL 9806,..\data\Tomato___Target_Spot\599977a3-0c46-46f5-aa5c-ed293caf7a09___Com.G_TgS_FL 9806.JPG,..\features\encoder_efficientnet_b0\img_0057_Tomato___Target_Spot_599977a3-0c46-46f5-aa5c-ed293.npz,efficientnet_b0,"(1280,)",float16,3695,2025-09-29T00:30:36.238475,Tomato_Target_Spot
Tomato___Tomato_Yellow_Leaf_Curl_Virus_9602912b-4775-4b3a-9bf9-9613909e2774___UF.GRC_YLCV_Lab 01642,..\data\Tomato___Tomato_Yellow_Leaf_Curl_Virus\9602912b-4775-4b3a-9bf9-9613909e2774___UF.GRC_YLCV_Lab 01642.JPG,..\features\encoder_efficientnet_b0\img_0057_Tomato___Tomato_Yellow_Leaf_Curl_Virus_9602912b-47.npz,efficientnet_b0,"(1280,)",float16,3702,2025-09-29T00:31:09.424334,Tomato_Tomato_Yellow_Leaf_Curl_Virus
Tomato___Tomato_Yellow_Leaf_Curl_Virus_dd099492-ff77-4149-81e7-03befb2db94b___UF.GRC_YLCV_Lab 08506,..\data\Tomato___Tomato_Yellow_Leaf_Curl_Virus\dd099492-ff77-4149-81e7-03befb2db94b___UF.GRC_YLCV_Lab 08506.JPG,..\features\encoder_efficientnet_b0\img_0057_Tomato___Tomato_Yellow_Leaf_Curl_Virus_dd099492-ff.npz,efficientnet_b0,"(1280,)",float16,3749,2025-09-29T00:31:12.686758,Tomato_Tomato_Yellow_Leaf_Curl_Virus
Corn_(maize)___Northern_Leaf_Blight_undersampled_022817bd-6a93-4b0a-ac39-1cc4094128b1___RS_NLB 3476,data\Corn_(maize)___Northern_Leaf_Blight_undersampled\022817bd-6a93-4b0a-ac39-1cc4094128b1___RS_NLB 3476.JPG,..\features\encoder_efficientnet_b0\img_0058_Corn_(maize)___Northern_Leaf_Blight_undersampled_022817bd-6a93-4b0a-ac39-1cc4094128b1___RS_NLB 3476.npz,efficientnet_b0,"(1280,)",float16,3791,2025-09-26T14:20:33.797354,Corn_(maize)_
Potato___Early_blight_daa35c03-7307-4e2e-8b15-f33bfff5a12d___RS_Early.B 7712,..\data\Potato___Early_blight\daa35c03-7307-4e2e-8b15-f33bfff5a12d___RS_Early.B 7712.JPG,..\features\encoder_efficientnet_b0\img_0058_Potato___Early_blight_daa35c03-7307-4e2e-8b15-f33b.npz,efficientnet_b0,"(1280,)",float16,3656,2025-09-29T00:30:36.242507,Potato_Early_blight
Tomato___Tomato_Yellow_Leaf_Curl_Virus_02cb40d6-550a-42fb-99ce-247e4406a322___UF.GRC_YLCV_Lab 02991,..\data\Tomato___Tomato_Yellow_Leaf_Curl_Virus\02cb40d6-550a-42fb-99ce-247e4406a322___UF.GRC_YLCV_Lab 02991.JPG,..\features\encoder_efficientnet_b0\img_0058_Tomato___Tomato_Yellow_Leaf_Curl_Virus_02cb40d6-55.npz,efficientnet_b0,"(1280,)",float16,3723,2025-09-29T00:31:09.427336,Tomato_Tomato_Yellow_Leaf_Curl_Virus
Tomato___Tomato_Yellow_Leaf_Curl_Virus_6421af3f-2b53-4e45-aec4-fda8ba3dccc5___YLCV_NREC 2707,..\data\Tomato___Tomato_Yellow_Leaf_Curl_Virus\6421af3f-2b53-4e45-aec4-fda8ba3dccc5___YLCV_NREC 2707.JPG,..\features\encoder_efficientnet_b0\img_0058_Tomato___Tomato_Yellow_Leaf_Curl_Virus_6421af3f-2b.npz,efficientnet_b0,"(1280,)",float16,3720,2025-09-29T00:31:15.975488,Tomato_Tomato_Yellow_Leaf_Curl_Virus
Tomato___Tomato_Yellow_Leaf_Curl_Virus_8c9bed1b-3a4c-47d0-bd84-1e3ce8d09344___UF.GRC_YLCV_Lab 03065,..\data\Tomato___Tomato_Yellow_Leaf_Curl_Virus\8c9bed1b-3a4c-47d0-bd84-1e3ce8d09344___UF.GRC_YLCV_Lab 03065.JPG,..\features\encoder_efficientnet_b0\img_0058_Tomato___Tomato_Yellow_Leaf_Curl_Virus_8c9bed1b-3a.npz,efficientnet_b0,"(1280,)",float16,3654,2025-09-29T00:31:12.689283,Tomato_Tomato_Yellow_Leaf_Curl_Virus
Tomato___Tomato_Yellow_Leaf_Curl_Virus_adb5b398-73ef-481c-90da-62bad3128135___UF.GRC_YLCV_Lab 08481,..\data\Tomato___Tomato_Yellow_Leaf_Curl_Virus\adb5b398-73ef-481c-90da-62bad3128135___UF.GRC_YLCV_Lab 08481.JPG,..\features\encoder_efficientnet_b0\img_0058_Tomato___Tomato_Yellow_Leaf_Curl_Virus_adb5b398-73.npz,efficientnet_b0,"(1280,)",float16,3727,2025-09-29T00:31:19.224010,Tomato_Tomato_Yellow_Leaf_Curl_Virus
Corn_(maize)___Northern_Leaf_Blight_undersampled_024fb674-fdcb-4777-a8d6-8a13abb58d8f___RS_NLB 3992,data\Corn_(maize)___Northern_Leaf_Blight_undersampled\024fb674-fdcb-4777-a8d6-8a13abb58d8f___RS_NLB 3992.JPG,..\features\encoder_efficientnet_b0\img_0059_Corn_(maize)___Northern_Leaf_Blight_undersampled_024fb674-fdcb-4777-a8d6-8a13abb58d8f___RS_NLB 3992.npz,efficientnet_b0,"(1280,)",float16,3806,2025-09-26T14:20:33.798477,Corn_(maize)_
Potato___Early_blight_e0654927-6cc0-491f-86d3-acb5ad261904___RS_Early.B 8341,..\data\Potato___Early_blight\e0654927-6cc0-491f-86d3-acb5ad261904___RS_Early.B 8341.JPG,..\features\encoder_efficientnet_b0\img_0059_Potato___Early_blight_e0654927-6cc0-491f-86d3-acb5.npz,efficientnet_b0,"(1280,)",float16,3712,2025-09-29T00:31:09.429842,Potato_Early_blight
Tomato___Bacterial_spot_303b8c34-0a74-4248-b5ce-1f9a0e367d6b___GCREC_Bact.Sp 3477,..\data\Tomato___Bacterial_spot\303b8c34-0a74-4248-b5ce-1f9a0e367d6b___GCREC_Bact.Sp 3477.JPG,..\features\encoder_efficientnet_b0\img_0059_Tomato___Bacterial_spot_303b8c34-0a74-4248-b5ce-1f.npz,efficientnet_b0,"(1280,)",float16,3676,2025-09-29T00:31:15.977983,Tomato_Bacterial_spot
Tomato___healthy_4806eef9-06a4-4da8-9327-939641fbb260___RS_HL 9692,..\data\Tomato___healthy\4806eef9-06a4-4da8-9327-939641fbb260___RS_HL 9692.JPG,..\features\encoder_efficientnet_b0\img_0059_Tomato___healthy_4806eef9-06a4-4da8-9327-939641fbb.npz,efficientnet_b0,"(1280,)",float16,3646,2025-09-29T00:31:19.227014,Tomato_healthy
Tomato___Spider_mites Two-spotted_spider_mite_63d168ad-84fa-43b7-8da8-c8a0ee3928e8___Com.G_SpM_FL 9042,..\data\Tomato___Spider_mites Two-spotted_spider_mite\63d168ad-84fa-43b7-8da8-c8a0ee3928e8___Com.G_SpM_FL 9042.JPG,..\features\encoder_efficientnet_b0\img_0059_Tomato___Spider_mites Two-spotted_spider_mite_63d1.npz,efficientnet_b0,"(1280,)",float16,3734,2025-09-29T00:30:36.245506,Tomato_Spider_mites Two-spotted_spider_mite
Tomato___Tomato_Yellow_Leaf_Curl_Virus_542641d4-51a1-4356-83b4-fbb4e8733c93___YLCV_GCREC 5482,..\data\Tomato___Tomato_Yellow_Leaf_Curl_Virus\542641d4-51a1-4356-83b4-fbb4e8733c93___YLCV_GCREC 5482.JPG,..\features\encoder_efficientnet_b0\img_0059_Tomato___Tomato_Yellow_Leaf_Curl_Virus_542641d4-51.npz,efficientnet_b0,"(1280,)",float16,3722,2025-09-29T00:31:12.693287,Tomato_Tomato_Yellow_Leaf_Curl_Virus
Corn_(maize)___Northern_Leaf_Blight_undersampled_5f1fc34e-15d7-4529-b136-3c35c12bf645___RS_NLB 3648,..\data\Corn_(maize)___Northern_Leaf_Blight_undersampled\5f1fc34e-15d7-4529-b136-3c35c12bf645___RS_NLB 3648.JPG,..\features\encoder_efficientnet_b0\img_0060_Corn_(maize)___Northern_Leaf_Blight_undersampled_5.npz,efficientnet_b0,"(1280,)",float16,3778,2025-09-29T00:31:15.980979,Corn_(maize)_Northern_Leaf_Blight_undersampled
Potato___Early_blight_001187a0-57ab-4329-baff-e7246a9edeb0___RS_Early.B 8178,data\Potato___Early_blight\001187a0-57ab-4329-baff-e7246a9edeb0___RS_Early.B 8178.JPG,..\features\encoder_efficientnet_b0\img_0060_Potato___Early_blight_001187a0-57ab-4329-baff-e7246a9edeb0___RS_Early.B 8178.npz,efficientnet_b0,"(1280,)",float16,3661,2025-09-26T14:20:33.799782,Potato_
Potato___Late_blight_ca14c4bc-c9a5-4294-835e-6c3b81e61496___RS_LB 3080,..\data\Potato___Late_blight\ca14c4bc-c9a5-4294-835e-6c3b81e61496___RS_LB 3080.JPG,..\features\encoder_efficientnet_b0\img_0060_Potato___Late_blight_ca14c4bc-c9a5-4294-835e-6c3b8.npz,efficientnet_b0,"(1280,)",float16,3694,2025-09-29T00:31:09.431841,Potato_Late_blight
Tomato___Septoria_leaf_spot_2cbfb4e3-8327-470f-91b1-4b7c3823b1f1___Keller.St_CG 1909,..\data\Tomato___Septoria_leaf_spot\2cbfb4e3-8327-470f-91b1-4b7c3823b1f1___Keller.St_CG 1909.JPG,..\features\encoder_efficientnet_b0\img_0060_Tomato___Septoria_leaf_spot_2cbfb4e3-8327-470f-91b.npz,efficientnet_b0,"(1280,)",float16,3694,2025-09-29T00:31:19.229012,Tomato_Septoria_leaf_spot
Tomato___Target_Spot_1e5f36a1-69fd-4256-be5d-ae451546b94c___Com.G_TgS_FL 8094,..\data\Tomato___Target_Spot\1e5f36a1-69fd-4256-be5d-ae451546b94c___Com.G_TgS_FL 8094.JPG,..\features\encoder_efficientnet_b0\img_0060_Tomato___Target_Spot_1e5f36a1-69fd-4256-be5d-ae451.npz,efficientnet_b0,"(1280,)",float16,3683,2025-09-29T00:30:36.248004,Tomato_Target_Spot
Tomato___Tomato_Yellow_Leaf_Curl_Virus_ce63dae7-22be-483b-b1e8-b5aff129bea0___UF.GRC_YLCV_Lab 02485,..\data\Tomato___Tomato_Yellow_Leaf_Curl_Virus\ce63dae7-22be-483b-b1e8-b5aff129bea0___UF.GRC_YLCV_Lab 02485.JPG,..\features\encoder_efficientnet_b0\img_0060_Tomato___Tomato_Yellow_Leaf_Curl_Virus_ce63dae7-22.npz,efficientnet_b0,"(1280,)",float16,3739,2025-09-29T00:31:12.696786,Tomato_Tomato_Yellow_Leaf_Curl_Virus
Corn_(maize)___Common_rust__RS_Rust 1928,..\data\Corn_(maize)___Common_rust_\RS_Rust 1928.JPG,..\features\encoder_efficientnet_b0\img_0061_Corn_(maize)___Common_rust__RS_Rust 1928.npz,efficientnet_b0,"(1280,)",float16,3614,2025-09-29T00:31:12.698783,Corn_(maize)_Common_rust_
Corn_(maize)___Northern_Leaf_Blight_undersampled_4d8cfcae-64e2-49e0-964f-01f6b39a23b4___RS_NLB 3631,..\data\Corn_(maize)___Northern_Leaf_Blight_undersampled\4d8cfcae-64e2-49e0-964f-01f6b39a23b4___RS_NLB 3631.JPG,..\features\encoder_efficientnet_b0\img_0061_Corn_(maize)___Northern_Leaf_Blight_undersampled_4.npz,efficientnet_b0,"(1280,)",float16,3762,2025-09-29T00:31:15.982978,Corn_(maize)_Northern_Leaf_Blight_undersampled
Potato___Early_blight_002a55fb-7a3d-4a3a-aca8-ce2d5ebc6925___RS_Early.B 8170,data\Potato___Early_blight\002a55fb-7a3d-4a3a-aca8-ce2d5ebc6925___RS_Early.B 8170.JPG,..\features\encoder_efficientnet_b0\img_0061_Potato___Early_blight_002a55fb-7a3d-4a3a-aca8-ce2d5ebc6925___RS_Early.B 8170.npz,efficientnet_b0,"(1280,)",float16,3674,2025-09-26T14:20:33.801839,Potato_
Tomato___Bacterial_spot_fb25aff6-5c78-42d9-b9af-9181811ac18b___GCREC_Bact.Sp 5788,..\data\Tomato___Bacterial_spot\fb25aff6-5c78-42d9-b9af-9181811ac18b___GCREC_Bact.Sp 5788.JPG,..\features\encoder_efficientnet_b0\img_0061_Tomato___Bacterial_spot_fb25aff6-5c78-42d9-b9af-91.npz,efficientnet_b0,"(1280,)",float16,3699,2025-09-29T00:31:19.232013,Tomato_Bacterial_spot
Tomato___Septoria_leaf_spot_22c8fb41-70e6-4fcc-b77b-81511cba9001___Matt.S_CG 1512,..\data\Tomato___Septoria_leaf_spot\22c8fb41-70e6-4fcc-b77b-81511cba9001___Matt.S_CG 1512.JPG,..\features\encoder_efficientnet_b0\img_0061_Tomato___Septoria_leaf_spot_22c8fb41-70e6-4fcc-b77.npz,efficientnet_b0,"(1280,)",float16,3713,2025-09-29T00:31:09.434336,Tomato_Septoria_leaf_spot
Tomato___Tomato_Yellow_Leaf_Curl_Virus_d788fb07-c6aa-42c4-9848-5a3a3cd152de___YLCV_GCREC 2601,..\data\Tomato___Tomato_Yellow_Leaf_Curl_Virus\d788fb07-c6aa-42c4-9848-5a3a3cd152de___YLCV_GCREC 2601.JPG,..\features\encoder_efficientnet_b0\img_0061_Tomato___Tomato_Yellow_Leaf_Curl_Virus_d788fb07-c6.npz,efficientnet_b0,"(1280,)",float16,3728,2025-09-29T00:30:36.251007,Tomato_Tomato_Yellow_Leaf_Curl_Virus
Corn_(maize)___Northern_Leaf_Blight_398fe3cf-ca89-421f-ad3e-b16c720835c3___RS_NLB 3723,..\data\Corn_(maize)___Northern_Leaf_Blight\398fe3cf-ca89-421f-ad3e-b16c720835c3___RS_NLB 3723.JPG,..\features\encoder_efficientnet_b0\img_0062_Corn_(maize)___Northern_Leaf_Blight_398fe3cf-ca89-.npz,efficientnet_b0,"(1280,)",float16,3707,2025-09-29T00:30:36.253504,Corn_(maize)_Northern_Leaf_Blight
Potato___Early_blight_009c8c31-f22d-4ffd-8f16-189c6f06c577___RS_Early.B 7885,data\Potato___Early_blight\009c8c31-f22d-4ffd-8f16-189c6f06c577___RS_Early.B 7885.JPG,..\features\encoder_efficientnet_b0\img_0062_Potato___Early_blight_009c8c31-f22d-4ffd-8f16-189c6f06c577___RS_Early.B 7885.npz,efficientnet_b0,"(1280,)",float16,3682,2025-09-26T14:20:33.803588,Potato_
Tomato___Bacterial_spot_c9f48a07-6bc4-4a62-a817-3b99a64160cc___UF.GRC_BS_Lab Leaf 1208,..\data\Tomato___Bacterial_spot\c9f48a07-6bc4-4a62-a817-3b99a64160cc___UF.GRC_BS_Lab Leaf 1208.JPG,..\features\encoder_efficientnet_b0\img_0062_Tomato___Bacterial_spot_c9f48a07-6bc4-4a62-a817-3b.npz,efficientnet_b0,"(1280,)",float16,3708,2025-09-29T00:31:15.986481,Tomato_Bacterial_spot
Tomato___Early_blight_df721edd-686e-4bb8-a05b-e8c67743c8ca___RS_Erly.B 8265,..\data\Tomato___Early_blight\df721edd-686e-4bb8-a05b-e8c67743c8ca___RS_Erly.B 8265.JPG,..\features\encoder_efficientnet_b0\img_0062_Tomato___Early_blight_df721edd-686e-4bb8-a05b-e8c6.npz,efficientnet_b0,"(1280,)",float16,3698,2025-09-29T00:31:19.235013,Tomato_Early_blight
Tomato___Late_blight_4a5a39d1-e05e-4ec2-acf7-3987cd04a71e___RS_Late.B 6547,..\data\Tomato___Late_blight\4a5a39d1-e05e-4ec2-acf7-3987cd04a71e___RS_Late.B 6547.JPG,..\features\encoder_efficientnet_b0\img_0062_Tomato___Late_blight_4a5a39d1-e05e-4ec2-acf7-3987c.npz,efficientnet_b0,"(1280,)",float16,3690,2025-09-29T00:31:12.701289,Tomato_Late_blight
Tomato___Tomato_Yellow_Leaf_Curl_Virus_e9b40b0b-99af-4e68-9258-c1252e831d31___UF.GRC_YLCV_Lab 02929,..\data\Tomato___Tomato_Yellow_Leaf_Curl_Virus\e9b40b0b-99af-4e68-9258-c1252e831d31___UF.GRC_YLCV_Lab 02929.JPG,..\features\encoder_efficientnet_b0\img_0062_Tomato___Tomato_Yellow_Leaf_Curl_Virus_e9b40b0b-99.npz,efficientnet_b0,"(1280,)",float16,3717,2025-09-29T00:31:09.436342,Tomato_Tomato_Yellow_Leaf_Curl_Virus
Corn_(maize)___Cercospora_leaf_spot Gray_leaf_spot_b2114580-76f0-4608-93db-c4eb2bb06d25___RS_GLSp 9305 copy,..\data\Corn_(maize)___Cercospora_leaf_spot Gray_leaf_spot\b2114580-76f0-4608-93db-c4eb2bb06d25___RS_GLSp 9305 copy.jpg,..\features\encoder_efficientnet_b0\img_0063_Corn_(maize)___Cercospora_leaf_spot Gray_leaf_spot.npz,efficientnet_b0,"(1280,)",float16,3786,2025-09-29T00:31:09.438855,Corn_(maize)_Cercospora_leaf_spot Gray_leaf_spot
Potato___Early_blight_00d8f10f-5038-4e0f-bb58-0b885ddc0cc5___RS_Early.B 8722,data\Potato___Early_blight\00d8f10f-5038-4e0f-bb58-0b885ddc0cc5___RS_Early.B 8722.JPG,..\features\encoder_efficientnet_b0\img_0063_Potato___Early_blight_00d8f10f-5038-4e0f-bb58-0b885ddc0cc5___RS_Early.B 8722.npz,efficientnet_b0,"(1280,)",float16,3657,2025-09-26T14:20:33.805018,Potato_
Tomato___healthy_6be1ec13-6964-4706-b94a-069d4a8592cf___GH_HL Leaf 175.1,..\data\Tomato___healthy\6be1ec13-6964-4706-b94a-069d4a8592cf___GH_HL Leaf 175.1.JPG,..\features\encoder_efficientnet_b0\img_0063_Tomato___healthy_6be1ec13-6964-4706-b94a-069d4a859.npz,efficientnet_b0,"(1280,)",float16,3660,2025-09-29T00:30:36.256536,Tomato_healthy
Tomato___Tomato_Yellow_Leaf_Curl_Virus_442b3e79-5dab-46ae-a31c-e75f3d68b013___UF.GRC_YLCV_Lab 01821,..\data\Tomato___Tomato_Yellow_Leaf_Curl_Virus\442b3e79-5dab-46ae-a31c-e75f3d68b013___UF.GRC_YLCV_Lab 01821.JPG,..\features\encoder_efficientnet_b0\img_0063_Tomato___Tomato_Yellow_Leaf_Curl_Virus_442b3e79-5d.npz,efficientnet_b0,"(1280,)",float16,3732,2025-09-29T00:31:19.238031,Tomato_Tomato_Yellow_Leaf_Curl_Virus
Tomato___Tomato_Yellow_Leaf_Curl_Virus_6159812d-5f51-4c3e-b3b6-cddf626893a3___UF.GRC_YLCV_Lab 02640,..\data\Tomato___Tomato_Yellow_Leaf_Curl_Virus\6159812d-5f51-4c3e-b3b6-cddf626893a3___UF.GRC_YLCV_Lab 02640.JPG,..\features\encoder_efficientnet_b0\img_0063_Tomato___Tomato_Yellow_Leaf_Curl_Virus_6159812d-5f.npz,efficientnet_b0,"(1280,)",float16,3683,2025-09-29T00:31:12.705314,Tomato_Tomato_Yellow_Leaf_Curl_Virus
Tomato___Tomato_Yellow_Leaf_Curl_Virus_a9fb17c5-1fc0-45ec-a215-83cbb5dffa39___YLCV_NREC 2946,..\data\Tomato___Tomato_Yellow_Leaf_Curl_Virus\a9fb17c5-1fc0-45ec-a215-83cbb5dffa39___YLCV_NREC 2946.JPG,..\features\encoder_efficientnet_b0\img_0063_Tomato___Tomato_Yellow_Leaf_Curl_Virus_a9fb17c5-1f.npz,efficientnet_b0,"(1280,)",float16,3704,2025-09-29T00:31:15.990034,Tomato_Tomato_Yellow_Leaf_Curl_Virus
Potato___Early_blight_0182e991-97f0-4805-a1f7-6e1b4306d518___RS_Early.B 7015,data\Potato___Early_blight\0182e991-97f0-4805-a1f7-6e1b4306d518___RS_Early.B 7015.JPG,..\features\encoder_efficientnet_b0\img_0064_Potato___Early_blight_0182e991-97f0-4805-a1f7-6e1b4306d518___RS_Early.B 7015.npz,efficientnet_b0,"(1280,)",float16,3687,2025-09-26T14:20:33.859474,Potato_
Potato___Early_blight_02578b86-b234-4ac0-9bc3-691b5610e2bf___RS_Early.B 7562,data\Potato___Early_blight\02578b86-b234-4ac0-9bc3-691b5610e2bf___RS_Early.B 7562.JPG,..\features\encoder_efficientnet_b0\img_0065_Potato___Early_blight_02578b86-b234-4ac0-9bc3-691b5610e2bf___RS_Early.B 7562.npz,efficientnet_b0,"(1280,)",float16,3701,2025-09-26T14:20:33.860984,Potato_
Potato___Early_blight_0267d4ca-522e-4ca0-b1a2-ce925e5b54a2___RS_Early.B 7020,data\Potato___Early_blight\0267d4ca-522e-4ca0-b1a2-ce925e5b54a2___RS_Early.B 7020.JPG,..\features\encoder_efficientnet_b0\img_0066_Potato___Early_blight_0267d4ca-522e-4ca0-b1a2-ce925e5b54a2___RS_Early.B 7020.npz,efficientnet_b0,"(1280,)",float16,3702,2025-09-26T14:20:33.862039,Potato_
Potato___Early_blight_028f9b73-142f-499a-9c7b-d7c1ed5e5506___RS_Early.B 8546,data\Potato___Early_blight\028f9b73-142f-499a-9c7b-d7c1ed5e5506___RS_Early.B 8546.JPG,..\features\encoder_efficientnet_b0\img_0067_Potato___Early_blight_028f9b73-142f-499a-9c7b-d7c1ed5e5506___RS_Early.B 8546.npz,efficientnet_b0,"(1280,)",float16,3702,2025-09-26T14:20:33.863296,Potato_
Potato___Early_blight_034959c1-f1e8-4a79-a6d5-3c1d14efa2f3___RS_Early.B 7136,data\Potato___Early_blight\034959c1-f1e8-4a79-a6d5-3c1d14efa2f3___RS_Early.B 7136.JPG,..\features\encoder_efficientnet_b0\img_0068_Potato___Early_blight_034959c1-f1e8-4a79-a6d5-3c1d14efa2f3___RS_Early.B 7136.npz,efficientnet_b0,"(1280,)",float16,3712,2025-09-26T14:20:33.864397,Potato_
Potato___Early_blight_03b0d3c1-b5b0-48f4-98aa-f8904670290f___RS_Early.B 7051,data\Potato___Early_blight\03b0d3c1-b5b0-48f4-98aa-f8904670290f___RS_Early.B 7051.JPG,..\features\encoder_efficientnet_b0\img_0069_Potato___Early_blight_03b0d3c1-b5b0-48f4-98aa-f8904670290f___RS_Early.B 7051.npz,efficientnet_b0,"(1280,)",float16,3678,2025-09-26T14:20:33.865751,Potato_
Potato___healthy_00fc2ee5-729f-4757-8aeb-65c3355874f2___RS_HL 1864,data\Potato___healthy\00fc2ee5-729f-4757-8aeb-65c3355874f2___RS_HL 1864.JPG,..\features\encoder_efficientnet_b0\img_0070_Potato___healthy_00fc2ee5-729f-4757-8aeb-65c3355874f2___RS_HL 1864.npz,efficientnet_b0,"(1280,)",float16,3656,2025-09-26T14:20:33.867027,Potato_
Potato___healthy_03da9931-e514-4cc7-b04a-8f474a133ce5___RS_HL 1830,data\Potato___healthy\03da9931-e514-4cc7-b04a-8f474a133ce5___RS_HL 1830.JPG,..\features\encoder_efficientnet_b0\img_0071_Potato___healthy_03da9931-e514-4cc7-b04a-8f474a133ce5___RS_HL 1830.npz,efficientnet_b0,"(1280,)",float16,3666,2025-09-26T14:20:33.868932,Potato_
Potato___healthy_04481ca2-f94c-457e-b785-1ac05800b7ec___RS_HL 1930,data\Potato___healthy\04481ca2-f94c-457e-b785-1ac05800b7ec___RS_HL 1930.JPG,..\features\encoder_efficientnet_b0\img_0072_Potato___healthy_04481ca2-f94c-457e-b785-1ac05800b7ec___RS_HL 1930.npz,efficientnet_b0,"(1280,)",float16,3659,2025-09-26T14:20:33.922637,Potato_
Potato___healthy_046641c1-f837-49eb-b5f2-4109910a027c___RS_HL 1878,data\Potato___healthy\046641c1-f837-49eb-b5f2-4109910a027c___RS_HL 1878.JPG,..\features\encoder_efficientnet_b0\img_0073_Potato___healthy_046641c1-f837-49eb-b5f2-4109910a027c___RS_HL 1878.npz,efficientnet_b0,"(1280,)",float16,3676,2025-09-26T14:20:33.924595,Potato_
Potato___healthy_07dfb451-4378-49d1-b699-33a5fc49ff07___RS_HL 5399,data\Potato___healthy\07dfb451-4378-49d1-b699-33a5fc49ff07___RS_HL 5399.JPG,..\features\encoder_efficientnet_b0\img_0074_Potato___healthy_07dfb451-4378-49d1-b699-33a5fc49ff07___RS_HL 5399.npz,efficientnet_b0,"(1280,)",float16,3673,2025-09-26T14:20:33.925931,Potato_
Potato___healthy_0b3e5032-8ae8-49ac-8157-a1cac3df01dd___RS_HL 1817,data\Potato___healthy\0b3e5032-8ae8-49ac-8157-a1cac3df01dd___RS_HL 1817.JPG,..\features\encoder_efficientnet_b0\img_0075_Potato___healthy_0b3e5032-8ae8-49ac-8157-a1cac3df01dd___RS_HL 1817.npz,efficientnet_b0,"(1280,)",float16,3654,2025-09-26T14:20:33.927244,Potato_
Potato___healthy_0be9d721-82f5-42c3-b535-7494afe01dbe___RS_HL 1814,data\Potato___healthy\0be9d721-82f5-42c3-b535-7494afe01dbe___RS_HL 1814.JPG,..\features\encoder_efficientnet_b0\img_0076_Potato___healthy_0be9d721-82f5-42c3-b535-7494afe01dbe___RS_HL 1814.npz,efficientnet_b0,"(1280,)",float16,3669,2025-09-26T14:20:33.928474,Potato_
Potato___healthy_0f4ebc5a-d646-436a-919d-961342997cde___RS_HL 4183,data\Potato___healthy\0f4ebc5a-d646-436a-919d-961342997cde___RS_HL 4183.JPG,..\features\encoder_efficientnet_b0\img_0077_Potato___healthy_0f4ebc5a-d646-436a-919d-961342997cde___RS_HL 4183.npz,efficientnet_b0,"(1280,)",float16,3636,2025-09-26T14:20:33.929661,Potato_
Potato___healthy_1106c3fc-92cb-41a6-a6c6-8f08b9b45108___RS_HL 1914,data\Potato___healthy\1106c3fc-92cb-41a6-a6c6-8f08b9b45108___RS_HL 1914.JPG,..\features\encoder_efficientnet_b0\img_0078_Potato___healthy_1106c3fc-92cb-41a6-a6c6-8f08b9b45108___RS_HL 1914.npz,efficientnet_b0,"(1280,)",float16,3663,2025-09-26T14:20:33.930689,Potato_
Potato___healthy_111cd9d8-4d27-4225-be9e-d29b21cf56b9___RS_HL 5419,data\Potato___healthy\111cd9d8-4d27-4225-be9e-d29b21cf56b9___RS_HL 5419.JPG,..\features\encoder_efficientnet_b0\img_0079_Potato___healthy_111cd9d8-4d27-4225-be9e-d29b21cf56b9___RS_HL 5419.npz,efficientnet_b0,"(1280,)",float16,3642,2025-09-26T14:20:33.931751,Potato_
Potato___Late_blight_0051e5e8-d1c4-4a84-bf3a-a426cdad6285___RS_LB 4640,data\Potato___Late_blight\0051e5e8-d1c4-4a84-bf3a-a426cdad6285___RS_LB 4640.JPG,..\features\encoder_efficientnet_b0\img_0080_Potato___Late_blight_0051e5e8-d1c4-4a84-bf3a-a426cdad6285___RS_LB 4640.npz,efficientnet_b0,"(1280,)",float16,3686,2025-09-26T14:20:33.985003,Potato_
Potato___Late_blight_00695906-210d-4a9d-822e-986a17384115___RS_LB 4026,data\Potato___Late_blight\00695906-210d-4a9d-822e-986a17384115___RS_LB 4026.JPG,..\features\encoder_efficientnet_b0\img_0081_Potato___Late_blight_00695906-210d-4a9d-822e-986a17384115___RS_LB 4026.npz,efficientnet_b0,"(1280,)",float16,3665,2025-09-26T14:20:33.986658,Potato_
Potato___Late_blight_006cc01a-1888-4326-9b62-a65cb55a6377___RS_LB 5207,data\Potato___Late_blight\006cc01a-1888-4326-9b62-a65cb55a6377___RS_LB 5207.JPG,..\features\encoder_efficientnet_b0\img_0082_Potato___Late_blight_006cc01a-1888-4326-9b62-a65cb55a6377___RS_LB 5207.npz,efficientnet_b0,"(1280,)",float16,3690,2025-09-26T14:20:33.987957,Potato_
Potato___Late_blight_0085ef03-aec3-431a-99a1-de286e10c0cf___RS_LB 2949,data\Potato___Late_blight\0085ef03-aec3-431a-99a1-de286e10c0cf___RS_LB 2949.JPG,..\features\encoder_efficientnet_b0\img_0083_Potato___Late_blight_0085ef03-aec3-431a-99a1-de286e10c0cf___RS_LB 2949.npz,efficientnet_b0,"(1280,)",float16,3691,2025-09-26T14:20:33.990301,Potato_
Potato___Late_blight_00b1f292-23dd-44d4-aad3-c1ffb6a6ad5a___RS_LB 4479,data\Potato___Late_blight\00b1f292-23dd-44d4-aad3-c1ffb6a6ad5a___RS_LB 4479.JPG,..\features\encoder_efficientnet_b0\img_0084_Potato___Late_blight_00b1f292-23dd-44d4-aad3-c1ffb6a6ad5a___RS_LB 4479.npz,efficientnet_b0,"(1280,)",float16,3692,2025-09-26T14:20:33.991709,Potato_
Potato___Late_blight_0114b195-844c-4978-93a9-b0d5aae010f1___RS_LB 2738,data\Potato___Late_blight\0114b195-844c-4978-93a9-b0d5aae010f1___RS_LB 2738.JPG,..\features\encoder_efficientnet_b0\img_0085_Potato___Late_blight_0114b195-844c-4978-93a9-b0d5aae010f1___RS_LB 2738.npz,efficientnet_b0,"(1280,)",float16,3712,2025-09-26T14:20:33.993875,Potato_
Potato___Late_blight_01270f5c-a44b-4da7-9398-289088c197ab___RS_LB 2517,data\Potato___Late_blight\01270f5c-a44b-4da7-9398-289088c197ab___RS_LB 2517.JPG,..\features\encoder_efficientnet_b0\img_0086_Potato___Late_blight_01270f5c-a44b-4da7-9398-289088c197ab___RS_LB 2517.npz,efficientnet_b0,"(1280,)",float16,3700,2025-09-26T14:20:33.995500,Potato_
Potato___Late_blight_01a8cc9f-074a-4866-87c8-bb5a9e3895b4___RS_LB 2968,data\Potato___Late_blight\01a8cc9f-074a-4866-87c8-bb5a9e3895b4___RS_LB 2968.JPG,..\features\encoder_efficientnet_b0\img_0087_Potato___Late_blight_01a8cc9f-074a-4866-87c8-bb5a9e3895b4___RS_LB 2968.npz,efficientnet_b0,"(1280,)",float16,3685,2025-09-26T14:20:33.996953,Potato_
Potato___Late_blight_01ad74ce-eb28-42c7-9204-778d17cfd45c___RS_LB 2669,data\Potato___Late_blight\01ad74ce-eb28-42c7-9204-778d17cfd45c___RS_LB 2669.JPG,..\features\encoder_efficientnet_b0\img_0088_Potato___Late_blight_01ad74ce-eb28-42c7-9204-778d17cfd45c___RS_LB 2669.npz,efficientnet_b0,"(1280,)",float16,3699,2025-09-26T14:20:34.058464,Potato_
Potato___Late_blight_0201bf8e-27e3-4c92-ae97-2fb4f665b5d3___RS_LB 4320,data\Potato___Late_blight\0201bf8e-27e3-4c92-ae97-2fb4f665b5d3___RS_LB 4320.JPG,..\features\encoder_efficientnet_b0\img_0089_Potato___Late_blight_0201bf8e-27e3-4c92-ae97-2fb4f665b5d3___RS_LB 4320.npz,efficientnet_b0,"(1280,)",float16,3686,2025-09-26T14:20:34.060282,Potato_
Tomato___Bacterial_spot_00416648-be6e-4bd4-bc8d-82f43f8a7240___GCREC_Bact.Sp 3110,data\Tomato___Bacterial_spot\00416648-be6e-4bd4-bc8d-82f43f8a7240___GCREC_Bact.Sp 3110.JPG,..\features\encoder_efficientnet_b0\img_0090_Tomato___Bacterial_spot_00416648-be6e-4bd4-bc8d-82f43f8a7240___GCREC_Bact.Sp 3110.npz,efficientnet_b0,"(1280,)",float16,3670,2025-09-26T14:20:34.061759,Tomato_
Tomato___Bacterial_spot_0045ba29-ed1b-43b4-afde-719cc7adefdb___GCREC_Bact.Sp 6254,data\Tomato___Bacterial_spot\0045ba29-ed1b-43b4-afde-719cc7adefdb___GCREC_Bact.Sp 6254.JPG,..\features\encoder_efficientnet_b0\img_0091_Tomato___Bacterial_spot_0045ba29-ed1b-43b4-afde-719cc7adefdb___GCREC_Bact.Sp 6254.npz,efficientnet_b0,"(1280,)",float16,3720,2025-09-26T14:20:34.063242,Tomato_
Tomato___Bacterial_spot_00639d29-2d1a-4fcf-9bd3-a2b3109c74c4___UF.GRC_BS_Lab Leaf 1054,data\Tomato___Bacterial_spot\00639d29-2d1a-4fcf-9bd3-a2b3109c74c4___UF.GRC_BS_Lab Leaf 1054.JPG,..\features\encoder_efficientnet_b0\img_0092_Tomato___Bacterial_spot_00639d29-2d1a-4fcf-9bd3-a2b3109c74c4___UF.GRC_BS_Lab Leaf 1054.npz,efficientnet_b0,"(1280,)",float16,3712,2025-09-26T14:20:34.064858,Tomato_
Tomato___Bacterial_spot_00728f4d-83a0-49f1-87f8-374646fcda05___GCREC_Bact.Sp 6326,data\Tomato___Bacterial_spot\00728f4d-83a0-49f1-87f8-374646fcda05___GCREC_Bact.Sp 6326.JPG,..\features\encoder_efficientnet_b0\img_0093_Tomato___Bacterial_spot_00728f4d-83a0-49f1-87f8-374646fcda05___GCREC_Bact.Sp 6326.npz,efficientnet_b0,"(1280,)",float16,3723,2025-09-26T14:20:34.066361,Tomato_
Tomato___Bacterial_spot_00a7c269-3476-4d25-b744-44d6353cd921___GCREC_Bact.Sp 5807,data\Tomato___Bacterial_spot\00a7c269-3476-4d25-b744-44d6353cd921___GCREC_Bact.Sp 5807.JPG,..\features\encoder_efficientnet_b0\img_0094_Tomato___Bacterial_spot_00a7c269-3476-4d25-b744-44d6353cd921___GCREC_Bact.Sp 5807.npz,efficientnet_b0,"(1280,)",float16,3693,2025-09-26T14:20:34.068238,Tomato_
Tomato___Bacterial_spot_00b7e89a-e129-4576-b51f-48923888bff9___GCREC_Bact.Sp 6202,data\Tomato___Bacterial_spot\00b7e89a-e129-4576-b51f-48923888bff9___GCREC_Bact.Sp 6202.JPG,..\features\encoder_efficientnet_b0\img_0095_Tomato___Bacterial_spot_00b7e89a-e129-4576-b51f-48923888bff9___GCREC_Bact.Sp 6202.npz,efficientnet_b0,"(1280,)",float16,3632,2025-09-26T14:20:34.070464,Tomato_
Tomato___Bacterial_spot_01375198-62af-4c40-bddf-f3c11107200b___GCREC_Bact.Sp 5914,data\Tomato___Bacterial_spot\01375198-62af-4c40-bddf-f3c11107200b___GCREC_Bact.Sp 5914.JPG,..\features\encoder_efficientnet_b0\img_0096_Tomato___Bacterial_spot_01375198-62af-4c40-bddf-f3c11107200b___GCREC_Bact.Sp 5914.npz,efficientnet_b0,"(1280,)",float16,3693,2025-09-26T14:20:34.123780,Tomato_
Tomato___Bacterial_spot_014b58ae-091b-408a-ab4a-5a780cd1c3f3___GCREC_Bact.Sp 2971,data\Tomato___Bacterial_spot\014b58ae-091b-408a-ab4a-5a780cd1c3f3___GCREC_Bact.Sp 2971.JPG,..\features\encoder_efficientnet_b0\img_0097_Tomato___Bacterial_spot_014b58ae-091b-408a-ab4a-5a780cd1c3f3___GCREC_Bact.Sp 2971.npz,efficientnet_b0,"(1280,)",float16,3675,2025-09-26T14:20:34.125502,Tomato_
Tomato___Bacterial_spot_01a3cf3f-94c1-44d5-8972-8c509d62558e___GCREC_Bact.Sp 3396,data\Tomato___Bacterial_spot\01a3cf3f-94c1-44d5-8972-8c509d62558e___GCREC_Bact.Sp 3396.JPG,..\features\encoder_efficientnet_b0\img_0098_Tomato___Bacterial_spot_01a3cf3f-94c1-44d5-8972-8c509d62558e___GCREC_Bact.Sp 3396.npz,efficientnet_b0,"(1280,)",float16,3657,2025-09-26T14:20:34.126595,Tomato_
Tomato___Bacterial_spot_01a46cb5-d354-4f59-868e-e56186701541___GCREC_Bact.Sp 5638,data\Tomato___Bacterial_spot\01a46cb5-d354-4f59-868e-e56186701541___GCREC_Bact.Sp 5638.JPG,..\features\encoder_efficientnet_b0\img_0099_Tomato___Bacterial_spot_01a46cb5-d354-4f59-868e-e56186701541___GCREC_Bact.Sp 5638.npz,efficientnet_b0,"(1280,)",float16,3714,2025-09-26T14:20:34.127858,Tomato_
Tomato___Early_blight_0012b9d2-2130-4a06-a834-b1f3af34f57e___RS_Erly.B 8389,data\Tomato___Early_blight\0012b9d2-2130-4a06-a834-b1f3af34f57e___RS_Erly.B 8389.JPG,..\features\encoder_efficientnet_b0\img_0100_Tomato___Early_blight_0012b9d2-2130-4a06-a834-b1f3af34f57e___RS_Erly.B 8389.npz,efficientnet_b0,"(1280,)",float16,3714,2025-09-26T14:20:34.128908,Tomato_
Tomato___Early_blight_0034a551-9512-44e5-ba6c-827f85ecc688___RS_Erly.B 9432,data\Tomato___Early_blight\0034a551-9512-44e5-ba6c-827f85ecc688___RS_Erly.B 9432.JPG,..\features\encoder_efficientnet_b0\img_0101_Tomato___Early_blight_0034a551-9512-44e5-ba6c-827f85ecc688___RS_Erly.B 9432.npz,efficientnet_b0,"(1280,)",float16,3712,2025-09-26T14:20:34.129986,Tomato_
Tomato___Early_blight_004cbe60-8ff9-4965-92df-e86694d5e9ba___RS_Erly.B 8253,data\Tomato___Early_blight\004cbe60-8ff9-4965-92df-e86694d5e9ba___RS_Erly.B 8253.JPG,..\features\encoder_efficientnet_b0\img_0102_Tomato___Early_blight_004cbe60-8ff9-4965-92df-e86694d5e9ba___RS_Erly.B 8253.npz,efficientnet_b0,"(1280,)",float16,3695,2025-09-26T14:20:34.131053,Tomato_
Tomato___Early_blight_00c5c908-fc25-4710-a109-db143da23112___RS_Erly.B 7778,data\Tomato___Early_blight\00c5c908-fc25-4710-a109-db143da23112___RS_Erly.B 7778.JPG,..\features\encoder_efficientnet_b0\img_0103_Tomato___Early_blight_00c5c908-fc25-4710-a109-db143da23112___RS_Erly.B 7778.npz,efficientnet_b0,"(1280,)",float16,3692,2025-09-26T14:20:34.132601,Tomato_
Tomato___Early_blight_00e7c4b2-3005-4558-9cfa-235e356cb7a8___RS_Erly.B 7844,data\Tomato___Early_blight\00e7c4b2-3005-4558-9cfa-235e356cb7a8___RS_Erly.B 7844.JPG,..\features\encoder_efficientnet_b0\img_0104_Tomato___Early_blight_00e7c4b2-3005-4558-9cfa-235e356cb7a8___RS_Erly.B 7844.npz,efficientnet_b0,"(1280,)",float16,3701,2025-09-26T14:20:34.189115,Tomato_
Tomato___Early_blight_0114f7b3-7f56-4bef-aa47-7a82da142d4b___RS_Erly.B 7437,data\Tomato___Early_blight\0114f7b3-7f56-4bef-aa47-7a82da142d4b___RS_Erly.B 7437.JPG,..\features\encoder_efficientnet_b0\img_0105_Tomato___Early_blight_0114f7b3-7f56-4bef-aa47-7a82da142d4b___RS_Erly.B 7437.npz,efficientnet_b0,"(1280,)",float16,3680,2025-09-26T14:20:34.191114,Tomato_
Tomato___Early_blight_011aa278-a39e-40b0-b6e4-2e2f835889f0___RS_Erly.B 8251,data\Tomato___Early_blight\011aa278-a39e-40b0-b6e4-2e2f835889f0___RS_Erly.B 8251.JPG,..\features\encoder_efficientnet_b0\img_0106_Tomato___Early_blight_011aa278-a39e-40b0-b6e4-2e2f835889f0___RS_Erly.B 8251.npz,efficientnet_b0,"(1280,)",float16,3700,2025-09-26T14:20:34.193005,Tomato_
Tomato___Early_blight_01861c93-ea8b-4820-aaa8-cc6003b3e75b___RS_Erly.B 7855,data\Tomato___Early_blight\01861c93-ea8b-4820-aaa8-cc6003b3e75b___RS_Erly.B 7855.JPG,..\features\encoder_efficientnet_b0\img_0107_Tomato___Early_blight_01861c93-ea8b-4820-aaa8-cc6003b3e75b___RS_Erly.B 7855.npz,efficientnet_b0,"(1280,)",float16,3705,2025-09-26T14:20:34.194604,Tomato_
Tomato___Early_blight_01f87f04-ff38-4aba-b7d1-587aa06e5282___RS_Erly.B 7851,data\Tomato___Early_blight\01f87f04-ff38-4aba-b7d1-587aa06e5282___RS_Erly.B 7851.JPG,..\features\encoder_efficientnet_b0\img_0108_Tomato___Early_blight_01f87f04-ff38-4aba-b7d1-587aa06e5282___RS_Erly.B 7851.npz,efficientnet_b0,"(1280,)",float16,3698,2025-09-26T14:20:34.195749,Tomato_
Tomato___Early_blight_0208ed52-1b28-4c9c-88e3-4667581e1109___RS_Erly.B 7829,data\Tomato___Early_blight\0208ed52-1b28-4c9c-88e3-4667581e1109___RS_Erly.B 7829.JPG,..\features\encoder_efficientnet_b0\img_0109_Tomato___Early_blight_0208ed52-1b28-4c9c-88e3-4667581e1109___RS_Erly.B 7829.npz,efficientnet_b0,"(1280,)",float16,3705,2025-09-26T14:20:34.197358,Tomato_
Tomato___healthy_000146ff-92a4-4db6-90ad-8fce2ae4fddd___GH_HL Leaf 259.1,data\Tomato___healthy\000146ff-92a4-4db6-90ad-8fce2ae4fddd___GH_HL Leaf 259.1.JPG,..\features\encoder_efficientnet_b0\img_0110_Tomato___healthy_000146ff-92a4-4db6-90ad-8fce2ae4fddd___GH_HL Leaf 259.1.npz,efficientnet_b0,"(1280,)",float16,3630,2025-09-26T14:20:34.199103,Tomato_
Tomato___healthy_000bf685-b305-408b-91f4-37030f8e62db___GH_HL Leaf 308.1,data\Tomato___healthy\000bf685-b305-408b-91f4-37030f8e62db___GH_HL Leaf 308.1.JPG,..\features\encoder_efficientnet_b0\img_0111_Tomato___healthy_000bf685-b305-408b-91f4-37030f8e62db___GH_HL Leaf 308.1.npz,efficientnet_b0,"(1280,)",float16,3648,2025-09-26T14:20:34.201427,Tomato_
Tomato___healthy_0031da2a-8edd-468f-a8b1-106657717a32___RS_HL 0105,data\Tomato___healthy\0031da2a-8edd-468f-a8b1-106657717a32___RS_HL 0105.JPG,..\features\encoder_efficientnet_b0\img_0112_Tomato___healthy_0031da2a-8edd-468f-a8b1-106657717a32___RS_HL 0105.npz,efficientnet_b0,"(1280,)",float16,3655,2025-09-26T14:20:34.259658,Tomato_
Tomato___healthy_003944fc-3b99-4a0f-9ed4-0e07352fd8b3___RS_HL 9844,data\Tomato___healthy\003944fc-3b99-4a0f-9ed4-0e07352fd8b3___RS_HL 9844.JPG,..\features\encoder_efficientnet_b0\img_0113_Tomato___healthy_003944fc-3b99-4a0f-9ed4-0e07352fd8b3___RS_HL 9844.npz,efficientnet_b0,"(1280,)",float16,3674,2025-09-26T14:20:34.261321,Tomato_
Tomato___healthy_00bce074-967b-4d50-967a-31fdaa35e688___RS_HL 0223,data\Tomato___healthy\00bce074-967b-4d50-967a-31fdaa35e688___RS_HL 0223.JPG,..\features\encoder_efficientnet_b0\img_0114_Tomato___healthy_00bce074-967b-4d50-967a-31fdaa35e688___RS_HL 0223.npz,efficientnet_b0,"(1280,)",float16,3623,2025-09-26T14:20:34.262439,Tomato_
Tomato___healthy_014b5e19-7917-4d76-b632-b5dd31d999ec___RS_HL 9640,data\Tomato___healthy\014b5e19-7917-4d76-b632-b5dd31d999ec___RS_HL 9640.JPG,..\features\encoder_efficientnet_b0\img_0115_Tomato___healthy_014b5e19-7917-4d76-b632-b5dd31d999ec___RS_HL 9640.npz,efficientnet_b0,"(1280,)",float16,3655,2025-09-26T14:20:34.263502,Tomato_
Tomato___healthy_01700b46-3800-46c6-ab81-09a5f50af525___RS_HL 0108,data\Tomato___healthy\01700b46-3800-46c6-ab81-09a5f50af525___RS_HL 0108.JPG,..\features\encoder_efficientnet_b0\img_0116_Tomato___healthy_01700b46-3800-46c6-ab81-09a5f50af525___RS_HL 0108.npz,efficientnet_b0,"(1280,)",float16,3661,2025-09-26T14:20:34.264632,Tomato_
Tomato___healthy_0172e56c-8bb8-4e75-8ac7-509df81393e8___RS_HL 0580,data\Tomato___healthy\0172e56c-8bb8-4e75-8ac7-509df81393e8___RS_HL 0580.JPG,..\features\encoder_efficientnet_b0\img_0117_Tomato___healthy_0172e56c-8bb8-4e75-8ac7-509df81393e8___RS_HL 0580.npz,efficientnet_b0,"(1280,)",float16,3670,2025-09-26T14:20:34.265915,Tomato_
Tomato___healthy_017a4026-813a-4983-887a-4052bb78c397___RS_HL 0218,data\Tomato___healthy\017a4026-813a-4983-887a-4052bb78c397___RS_HL 0218.JPG,..\features\encoder_efficientnet_b0\img_0118_Tomato___healthy_017a4026-813a-4983-887a-4052bb78c397___RS_HL 0218.npz,efficientnet_b0,"(1280,)",float16,3658,2025-09-26T14:20:34.267562,Tomato_
Tomato___healthy_0184dc6b-bfc1-4515-ac59-bbadaf524e1a___GH_HL Leaf 422.1,data\Tomato___healthy\0184dc6b-bfc1-4515-ac59-bbadaf524e1a___GH_HL Leaf 422.1.JPG,..\features\encoder_efficientnet_b0\img_0119_Tomato___healthy_0184dc6b-bfc1-4515-ac59-bbadaf524e1a___GH_HL Leaf 422.1.npz,efficientnet_b0,"(1280,)",float16,3607,2025-09-26T14:20:34.269066,Tomato_
Tomato___Late_blight_0003faa8-4b27-4c65-bf42-6d9e352ca1a5___RS_Late.B 4946,data\Tomato___Late_blight\0003faa8-4b27-4c65-bf42-6d9e352ca1a5___RS_Late.B 4946.JPG,..\features\encoder_efficientnet_b0\img_0120_Tomato___Late_blight_0003faa8-4b27-4c65-bf42-6d9e352ca1a5___RS_Late.B 4946.npz,efficientnet_b0,"(1280,)",float16,3693,2025-09-26T14:20:34.323206,Tomato_
Tomato___Late_blight_00355ec2-f12c-4015-b8f9-94354f69ce22___RS_Late.B 5311,data\Tomato___Late_blight\00355ec2-f12c-4015-b8f9-94354f69ce22___RS_Late.B 5311.JPG,..\features\encoder_efficientnet_b0\img_0121_Tomato___Late_blight_00355ec2-f12c-4015-b8f9-94354f69ce22___RS_Late.B 5311.npz,efficientnet_b0,"(1280,)",float16,3703,2025-09-26T14:20:34.324932,Tomato_
Tomato___Late_blight_005a2c1f-4e15-49e4-9e5c-61dc3ecf9708___RS_Late.B 5096,data\Tomato___Late_blight\005a2c1f-4e15-49e4-9e5c-61dc3ecf9708___RS_Late.B 5096.JPG,..\features\encoder_efficientnet_b0\img_0122_Tomato___Late_blight_005a2c1f-4e15-49e4-9e5c-61dc3ecf9708___RS_Late.B 5096.npz,efficientnet_b0,"(1280,)",float16,3687,2025-09-26T14:20:34.326029,Tomato_
Tomato___Late_blight_005e3b43-9050-47da-9498-f9ecdcc703b3___RS_Late.B 5104,data\Tomato___Late_blight\005e3b43-9050-47da-9498-f9ecdcc703b3___RS_Late.B 5104.JPG,..\features\encoder_efficientnet_b0\img_0123_Tomato___Late_blight_005e3b43-9050-47da-9498-f9ecdcc703b3___RS_Late.B 5104.npz,efficientnet_b0,"(1280,)",float16,3683,2025-09-26T14:20:34.327078,Tomato_
Tomato___Late_blight_008ebb44-eb77-4843-b621-4b88b5df7d43___RS_Late.B 5188,data\Tomato___Late_blight\008ebb44-eb77-4843-b621-4b88b5df7d43___RS_Late.B 5188.JPG,..\features\encoder_efficientnet_b0\img_0124_Tomato___Late_blight_008ebb44-eb77-4843-b621-4b88b5df7d43___RS_Late.B 5188.npz,efficientnet_b0,"(1280,)",float16,3680,2025-09-26T14:20:34.328118,Tomato_
Tomato___Late_blight_00ce4c63-9913-4b16-898c-29f99acf0dc3___RS_Late.B 4982,data\Tomato___Late_blight\00ce4c63-9913-4b16-898c-29f99acf0dc3___RS_Late.B 4982.JPG,..\features\encoder_efficientnet_b0\img_0125_Tomato___Late_blight_00ce4c63-9913-4b16-898c-29f99acf0dc3___RS_Late.B 4982.npz,efficientnet_b0,"(1280,)",float16,3707,2025-09-26T14:20:34.329481,Tomato_
Tomato___Late_blight_013f987a-9371-4763-a104-ea6f326e584b___GHLB2 Leaf 8556,data\Tomato___Late_blight\013f987a-9371-4763-a104-ea6f326e584b___GHLB2 Leaf 8556.JPG,..\features\encoder_efficientnet_b0\img_0126_Tomato___Late_blight_013f987a-9371-4763-a104-ea6f326e584b___GHLB2 Leaf 8556.npz,efficientnet_b0,"(1280,)",float16,3645,2025-09-26T14:20:34.330529,Tomato_
Tomato___Late_blight_01425d17-4c97-46e3-b395-c1453b78ab78___GHLB2 Leaf 9100,data\Tomato___Late_blight\01425d17-4c97-46e3-b395-c1453b78ab78___GHLB2 Leaf 9100.JPG,..\features\encoder_efficientnet_b0\img_0127_Tomato___Late_blight_01425d17-4c97-46e3-b395-c1453b78ab78___GHLB2 Leaf 9100.npz,efficientnet_b0,"(1280,)",float16,3679,2025-09-26T14:20:34.331644,Tomato_
Tomato___Late_blight_014d4972-1301-46d3-afc4-56470b774137___GHLB2 Leaf 8831,data\Tomato___Late_blight\014d4972-1301-46d3-afc4-56470b774137___GHLB2 Leaf 8831.JPG,..\features\encoder_efficientnet_b0\img_0128_Tomato___Late_blight_014d4972-1301-46d3-afc4-56470b774137___GHLB2 Leaf 8831.npz,efficientnet_b0,"(1280,)",float16,3685,2025-09-26T14:20:34.391466,Tomato_
Tomato___Late_blight_014eee0c-8000-4762-b4b8-63ecc2fadc13___GHLB2ES Leaf 69.1,data\Tomato___Late_blight\014eee0c-8000-4762-b4b8-63ecc2fadc13___GHLB2ES Leaf 69.1.JPG,..\features\encoder_efficientnet_b0\img_0129_Tomato___Late_blight_014eee0c-8000-4762-b4b8-63ecc2fadc13___GHLB2ES Leaf 69.1.npz,efficientnet_b0,"(1280,)",float16,3683,2025-09-26T14:20:34.393268,Tomato_
Tomato___Leaf_Mold_00694db7-3327-45e0-b4da-a8bb7ab6a4b7___Crnl_L.Mold 6923,data\Tomato___Leaf_Mold\00694db7-3327-45e0-b4da-a8bb7ab6a4b7___Crnl_L.Mold 6923.JPG,..\features\encoder_efficientnet_b0\img_0130_Tomato___Leaf_Mold_00694db7-3327-45e0-b4da-a8bb7ab6a4b7___Crnl_L.Mold 6923.npz,efficientnet_b0,"(1280,)",float16,3658,2025-09-26T14:20:34.394373,Tomato_
Tomato___Leaf_Mold_0160c3b5-d89e-40e5-a313-49ae1524040a___Crnl_L.Mold 6823,data\Tomato___Leaf_Mold\0160c3b5-d89e-40e5-a313-49ae1524040a___Crnl_L.Mold 6823.JPG,..\features\encoder_efficientnet_b0\img_0131_Tomato___Leaf_Mold_0160c3b5-d89e-40e5-a313-49ae1524040a___Crnl_L.Mold 6823.npz,efficientnet_b0,"(1280,)",float16,3677,2025-09-26T14:20:34.395581,Tomato_
Tomato___Leaf_Mold_0185befe-f0b5-4848-9677-f33c2237f4e9___Crnl_L.Mold 8729,data\Tomato___Leaf_Mold\0185befe-f0b5-4848-9677-f33c2237f4e9___Crnl_L.Mold 8729.JPG,..\features\encoder_efficientnet_b0\img_0132_Tomato___Leaf_Mold_0185befe-f0b5-4848-9677-f33c2237f4e9___Crnl_L.Mold 8729.npz,efficientnet_b0,"(1280,)",float16,3692,2025-09-26T14:20:34.396619,Tomato_
Tomato___Leaf_Mold_022a4dfb-84cc-45cb-81c5-a620817e31cb___Crnl_L.Mold 6926,data\Tomato___Leaf_Mold\022a4dfb-84cc-45cb-81c5-a620817e31cb___Crnl_L.Mold 6926.JPG,..\features\encoder_efficientnet_b0\img_0133_Tomato___Leaf_Mold_022a4dfb-84cc-45cb-81c5-a620817e31cb___Crnl_L.Mold 6926.npz,efficientnet_b0,"(1280,)",float16,3681,2025-09-26T14:20:34.398018,Tomato_
Tomato___Leaf_Mold_02415b3d-2ba8-4654-8398-a480ad901bbf___Crnl_L.Mold 8645,data\Tomato___Leaf_Mold\02415b3d-2ba8-4654-8398-a480ad901bbf___Crnl_L.Mold 8645.JPG,..\features\encoder_efficientnet_b0\img_0134_Tomato___Leaf_Mold_02415b3d-2ba8-4654-8398-a480ad901bbf___Crnl_L.Mold 8645.npz,efficientnet_b0,"(1280,)",float16,3696,2025-09-26T14:20:34.399554,Tomato_
Tomato___Leaf_Mold_02a29ab9-8cba-47a0-bc2f-e7af7dbae149___Crnl_L.Mold 7165,data\Tomato___Leaf_Mold\02a29ab9-8cba-47a0-bc2f-e7af7dbae149___Crnl_L.Mold 7165.JPG,..\features\encoder_efficientnet_b0\img_0135_Tomato___Leaf_Mold_02a29ab9-8cba-47a0-bc2f-e7af7dbae149___Crnl_L.Mold 7165.npz,efficientnet_b0,"(1280,)",float16,3663,2025-09-26T14:20:34.401209,Tomato_
Tomato___Leaf_Mold_030ea180-4eb5-4f91-918e-56c7cfe2c001___Crnl_L.Mold 7076,data\Tomato___Leaf_Mold\030ea180-4eb5-4f91-918e-56c7cfe2c001___Crnl_L.Mold 7076.JPG,..\features\encoder_efficientnet_b0\img_0136_Tomato___Leaf_Mold_030ea180-4eb5-4f91-918e-56c7cfe2c001___Crnl_L.Mold 7076.npz,efficientnet_b0,"(1280,)",float16,3675,2025-09-26T14:20:34.458563,Tomato_
Tomato___Leaf_Mold_036d12b0-1e97-4975-bd80-a8a3c48588e7___Crnl_L.Mold 6500,data\Tomato___Leaf_Mold\036d12b0-1e97-4975-bd80-a8a3c48588e7___Crnl_L.Mold 6500.JPG,..\features\encoder_efficientnet_b0\img_0137_Tomato___Leaf_Mold_036d12b0-1e97-4975-bd80-a8a3c48588e7___Crnl_L.Mold 6500.npz,efficientnet_b0,"(1280,)",float16,3660,2025-09-26T14:20:34.460154,Tomato_
Tomato___Leaf_Mold_039183dc-a260-49fa-b28a-0c8f11614896___Crnl_L.Mold 6720,data\Tomato___Leaf_Mold\039183dc-a260-49fa-b28a-0c8f11614896___Crnl_L.Mold 6720.JPG,..\features\encoder_efficientnet_b0\img_0138_Tomato___Leaf_Mold_039183dc-a260-49fa-b28a-0c8f11614896___Crnl_L.Mold 6720.npz,efficientnet_b0,"(1280,)",float16,3668,2025-09-26T14:20:34.461563,Tomato_
Tomato___Leaf_Mold_03c6374e-c292-440e-b2e3-a70c5e64562a___Crnl_L.Mold 8935,data\Tomato___Leaf_Mold\03c6374e-c292-440e-b2e3-a70c5e64562a___Crnl_L.Mold 8935.JPG,..\features\encoder_efficientnet_b0\img_0139_Tomato___Leaf_Mold_03c6374e-c292-440e-b2e3-a70c5e64562a___Crnl_L.Mold 8935.npz,efficientnet_b0,"(1280,)",float16,3667,2025-09-26T14:20:34.462690,Tomato_
Tomato___Septoria_leaf_spot_002533c1-722b-44e5-9d2e-91f7747b2543___Keller.St_CG 1831,data\Tomato___Septoria_leaf_spot\002533c1-722b-44e5-9d2e-91f7747b2543___Keller.St_CG 1831.JPG,..\features\encoder_efficientnet_b0\img_0140_Tomato___Septoria_leaf_spot_002533c1-722b-44e5-9d2e-91f7747b2543___Keller.St_CG 1831.npz,efficientnet_b0,"(1280,)",float16,3685,2025-09-26T14:20:34.463896,Tomato_
Tomato___Septoria_leaf_spot_0025c401-7785-49c5-8bef-780a8a0d3652___Matt.S_CG 2694,data\Tomato___Septoria_leaf_spot\0025c401-7785-49c5-8bef-780a8a0d3652___Matt.S_CG 2694.JPG,..\features\encoder_efficientnet_b0\img_0141_Tomato___Septoria_leaf_spot_0025c401-7785-49c5-8bef-780a8a0d3652___Matt.S_CG 2694.npz,efficientnet_b0,"(1280,)",float16,3731,2025-09-26T14:20:34.465190,Tomato_
Tomato___Septoria_leaf_spot_006c018a-bb21-4a24-b1ff-d8b2864a7354___Matt.S_CG 6192,data\Tomato___Septoria_leaf_spot\006c018a-bb21-4a24-b1ff-d8b2864a7354___Matt.S_CG 6192.JPG,..\features\encoder_efficientnet_b0\img_0142_Tomato___Septoria_leaf_spot_006c018a-bb21-4a24-b1ff-d8b2864a7354___Matt.S_CG 6192.npz,efficientnet_b0,"(1280,)",float16,3712,2025-09-26T14:20:34.466506,Tomato_
Tomato___Septoria_leaf_spot_009bb542-f0c0-40f2-98a7-f547c5adec45___Matt.S_CG 1355,data\Tomato___Septoria_leaf_spot\009bb542-f0c0-40f2-98a7-f547c5adec45___Matt.S_CG 1355.JPG,..\features\encoder_efficientnet_b0\img_0143_Tomato___Septoria_leaf_spot_009bb542-f0c0-40f2-98a7-f547c5adec45___Matt.S_CG 1355.npz,efficientnet_b0,"(1280,)",float16,3719,2025-09-26T14:20:34.468288,Tomato_
Tomato___Septoria_leaf_spot_009ce7ca-77de-4e4e-9f59-bec9162df779___Matt.S_CG 7403,data\Tomato___Septoria_leaf_spot\009ce7ca-77de-4e4e-9f59-bec9162df779___Matt.S_CG 7403.JPG,..\features\encoder_efficientnet_b0\img_0144_Tomato___Septoria_leaf_spot_009ce7ca-77de-4e4e-9f59-bec9162df779___Matt.S_CG 7403.npz,efficientnet_b0,"(1280,)",float16,3720,2025-09-26T14:20:34.521292,Tomato_
Tomato___Septoria_leaf_spot_00f16858-f392-4d9e-ad9f-efab8049a13f___JR_Sept.L.S 8368,data\Tomato___Septoria_leaf_spot\00f16858-f392-4d9e-ad9f-efab8049a13f___JR_Sept.L.S 8368.JPG,..\features\encoder_efficientnet_b0\img_0145_Tomato___Septoria_leaf_spot_00f16858-f392-4d9e-ad9f-efab8049a13f___JR_Sept.L.S 8368.npz,efficientnet_b0,"(1280,)",float16,3710,2025-09-26T14:20:34.522948,Tomato_
Tomato___Septoria_leaf_spot_015c2613-fb1c-4f31-88f1-c7e5be9ddc97___JR_Sept.L.S 8431,data\Tomato___Septoria_leaf_spot\015c2613-fb1c-4f31-88f1-c7e5be9ddc97___JR_Sept.L.S 8431.JPG,..\features\encoder_efficientnet_b0\img_0146_Tomato___Septoria_leaf_spot_015c2613-fb1c-4f31-88f1-c7e5be9ddc97___JR_Sept.L.S 8431.npz,efficientnet_b0,"(1280,)",float16,3726,2025-09-26T14:20:34.524174,Tomato_
Tomato___Septoria_leaf_spot_0176f68f-a3d8-473b-9bea-c075a5507b34___JR_Sept.L.S 2504,data\Tomato___Septoria_leaf_spot\0176f68f-a3d8-473b-9bea-c075a5507b34___JR_Sept.L.S 2504.JPG,..\features\encoder_efficientnet_b0\img_0147_Tomato___Septoria_leaf_spot_0176f68f-a3d8-473b-9bea-c075a5507b34___JR_Sept.L.S 2504.npz,efficientnet_b0,"(1280,)",float16,3728,2025-09-26T14:20:34.525468,Tomato_
Tomato___Septoria_leaf_spot_01f54ad9-9c03-4ffd-86f4-829fc2939120___Matt.S_CG 0702,data\Tomato___Septoria_leaf_spot\01f54ad9-9c03-4ffd-86f4-829fc2939120___Matt.S_CG 0702.JPG,..\features\encoder_efficientnet_b0\img_0148_Tomato___Septoria_leaf_spot_01f54ad9-9c03-4ffd-86f4-829fc2939120___Matt.S_CG 0702.npz,efficientnet_b0,"(1280,)",float16,3712,2025-09-26T14:20:34.526744,Tomato_
Tomato___Septoria_leaf_spot_021f9747-f308-4694-859b-10f541a0e63c___JR_Sept.L.S 2506,data\Tomato___Septoria_leaf_spot\021f9747-f308-4694-859b-10f541a0e63c___JR_Sept.L.S 2506.JPG,..\features\encoder_efficientnet_b0\img_0149_Tomato___Septoria_leaf_spot_021f9747-f308-4694-859b-10f541a0e63c___JR_Sept.L.S 2506.npz,efficientnet_b0,"(1280,)",float16,3719,2025-09-26T14:20:34.527864,Tomato_
Tomato___Spider_mites Two-spotted_spider_mite_002835d1-c18e-4471-aa6e-8d8c29585e9b___Com.G_SpM_FL 8584,data\Tomato___Spider_mites Two-spotted_spider_mite\002835d1-c18e-4471-aa6e-8d8c29585e9b___Com.G_SpM_FL 8584.JPG,..\features\encoder_efficientnet_b0\img_0150_Tomato___Spider_mites Two-spotted_spider_mite_002835d1-c18e-4471-aa6e-8d8c29585e9b___Com.G_SpM_FL 8584.npz,efficientnet_b0,"(1280,)",float16,3758,2025-09-26T14:20:34.528895,Tomato_
Tomato___Spider_mites Two-spotted_spider_mite_003b7929-a364-4e74-be1c-37c4c0a6ec63___Com.G_SpM_FL 1414,data\Tomato___Spider_mites Two-spotted_spider_mite\003b7929-a364-4e74-be1c-37c4c0a6ec63___Com.G_SpM_FL 1414.JPG,..\features\encoder_efficientnet_b0\img_0151_Tomato___Spider_mites Two-spotted_spider_mite_003b7929-a364-4e74-be1c-37c4c0a6ec63___Com.G_SpM_FL 1414.npz,efficientnet_b0,"(1280,)",float16,3762,2025-09-26T14:20:34.530030,Tomato_
Tomato___Spider_mites Two-spotted_spider_mite_00bc7858-1dca-4bfb-a828-225f03bd72a5___Com.G_SpM_FL 9455,data\Tomato___Spider_mites Two-spotted_spider_mite\00bc7858-1dca-4bfb-a828-225f03bd72a5___Com.G_SpM_FL 9455.JPG,..\features\encoder_efficientnet_b0\img_0152_Tomato___Spider_mites Two-spotted_spider_mite_00bc7858-1dca-4bfb-a828-225f03bd72a5___Com.G_SpM_FL 9455.npz,efficientnet_b0,"(1280,)",float16,3734,2025-09-26T14:20:34.583451,Tomato_
Tomato___Spider_mites Two-spotted_spider_mite_00c8e9a0-1fb8-434b-8981-25511358ddc9___Com.G_SpM_FL 8717,data\Tomato___Spider_mites Two-spotted_spider_mite\00c8e9a0-1fb8-434b-8981-25511358ddc9___Com.G_SpM_FL 8717.JPG,..\features\encoder_efficientnet_b0\img_0153_Tomato___Spider_mites Two-spotted_spider_mite_00c8e9a0-1fb8-434b-8981-25511358ddc9___Com.G_SpM_FL 8717.npz,efficientnet_b0,"(1280,)",float16,3780,2025-09-26T14:20:34.585863,Tomato_
Tomato___Spider_mites Two-spotted_spider_mite_00fa99e8-2605-4d72-be69-98277587d84b___Com.G_SpM_FL 1453,data\Tomato___Spider_mites Two-spotted_spider_mite\00fa99e8-2605-4d72-be69-98277587d84b___Com.G_SpM_FL 1453.JPG,..\features\encoder_efficientnet_b0\img_0154_Tomato___Spider_mites Two-spotted_spider_mite_00fa99e8-2605-4d72-be69-98277587d84b___Com.G_SpM_FL 1453.npz,efficientnet_b0,"(1280,)",float16,3770,2025-09-26T14:20:34.588104,Tomato_
Tomato___Spider_mites Two-spotted_spider_mite_0100e504-f6bc-464a-a181-38262117f30a___Com.G_SpM_FL 1202,data\Tomato___Spider_mites Two-spotted_spider_mite\0100e504-f6bc-464a-a181-38262117f30a___Com.G_SpM_FL 1202.JPG,..\features\encoder_efficientnet_b0\img_0155_Tomato___Spider_mites Two-spotted_spider_mite_0100e504-f6bc-464a-a181-38262117f30a___Com.G_SpM_FL 1202.npz,efficientnet_b0,"(1280,)",float16,3779,2025-09-26T14:20:34.590378,Tomato_
Tomato___Spider_mites Two-spotted_spider_mite_01027422-5838-4aaf-a517-01ea4e2cb6b9___Com.G_SpM_FL 9256,data\Tomato___Spider_mites Two-spotted_spider_mite\01027422-5838-4aaf-a517-01ea4e2cb6b9___Com.G_SpM_FL 9256.JPG,..\features\encoder_efficientnet_b0\img_0156_Tomato___Spider_mites Two-spotted_spider_mite_01027422-5838-4aaf-a517-01ea4e2cb6b9___Com.G_SpM_FL 9256.npz,efficientnet_b0,"(1280,)",float16,3764,2025-09-26T14:20:34.592543,Tomato_
Tomato___Spider_mites Two-spotted_spider_mite_012369f5-ca64-4811-888f-35d75f7f7c2b___Com.G_SpM_FL 8911,data\Tomato___Spider_mites Two-spotted_spider_mite\012369f5-ca64-4811-888f-35d75f7f7c2b___Com.G_SpM_FL 8911.JPG,..\features\encoder_efficientnet_b0\img_0157_Tomato___Spider_mites Two-spotted_spider_mite_012369f5-ca64-4811-888f-35d75f7f7c2b___Com.G_SpM_FL 8911.npz,efficientnet_b0,"(1280,)",float16,3791,2025-09-26T14:20:34.594356,Tomato_
Tomato___Spider_mites Two-spotted_spider_mite_01720a27-7595-496b-bf53-dbe5c8c1e2c3___Com.G_SpM_FL 8476,data\Tomato___Spider_mites Two-spotted_spider_mite\01720a27-7595-496b-bf53-dbe5c8c1e2c3___Com.G_SpM_FL 8476.JPG,..\features\encoder_efficientnet_b0\img_0158_Tomato___Spider_mites Two-spotted_spider_mite_01720a27-7595-496b-bf53-dbe5c8c1e2c3___Com.G_SpM_FL 8476.npz,efficientnet_b0,"(1280,)",float16,3749,2025-09-26T14:20:34.596217,Tomato_
Tomato___Spider_mites Two-spotted_spider_mite_01854aac-d409-4136-b885-3df6943cc349___Com.G_SpM_FL 1374,data\Tomato___Spider_mites Two-spotted_spider_mite\01854aac-d409-4136-b885-3df6943cc349___Com.G_SpM_FL 1374.JPG,..\features\encoder_efficientnet_b0\img_0159_Tomato___Spider_mites Two-spotted_spider_mite_01854aac-d409-4136-b885-3df6943cc349___Com.G_SpM_FL 1374.npz,efficientnet_b0,"(1280,)",float16,3785,2025-09-26T14:20:34.598068,Tomato_
Tomato___Target_Spot_002213fb-b620-4593-b9ac-6a6cc119b100___Com.G_TgS_FL 8360,data\Tomato___Target_Spot\002213fb-b620-4593-b9ac-6a6cc119b100___Com.G_TgS_FL 8360.JPG,..\features\encoder_efficientnet_b0\img_0160_Tomato___Target_Spot_002213fb-b620-4593-b9ac-6a6cc119b100___Com.G_TgS_FL 8360.npz,efficientnet_b0,"(1280,)",float16,3716,2025-09-26T14:20:34.665523,Tomato_
Tomato___Target_Spot_003a5321-0430-42dd-a38d-30ac4563f4ba___Com.G_TgS_FL 8121,data\Tomato___Target_Spot\003a5321-0430-42dd-a38d-30ac4563f4ba___Com.G_TgS_FL 8121.JPG,..\features\encoder_efficientnet_b0\img_0161_Tomato___Target_Spot_003a5321-0430-42dd-a38d-30ac4563f4ba___Com.G_TgS_FL 8121.npz,efficientnet_b0,"(1280,)",float16,3685,2025-09-26T14:20:34.668380,Tomato_
Tomato___Target_Spot_0044d10f-7062-4655-8abd-9fffc5b2f152___Com.G_TgS_FL 7908,data\Tomato___Target_Spot\0044d10f-7062-4655-8abd-9fffc5b2f152___Com.G_TgS_FL 7908.JPG,..\features\encoder_efficientnet_b0\img_0162_Tomato___Target_Spot_0044d10f-7062-4655-8abd-9fffc5b2f152___Com.G_TgS_FL 7908.npz,efficientnet_b0,"(1280,)",float16,3694,2025-09-26T14:20:34.670719,Tomato_
Tomato___Target_Spot_007ec913-8cfe-43ed-b458-f041a17266ae___Com.G_TgS_FL 9844,data\Tomato___Target_Spot\007ec913-8cfe-43ed-b458-f041a17266ae___Com.G_TgS_FL 9844.JPG,..\features\encoder_efficientnet_b0\img_0163_Tomato___Target_Spot_007ec913-8cfe-43ed-b458-f041a17266ae___Com.G_TgS_FL 9844.npz,efficientnet_b0,"(1280,)",float16,3663,2025-09-26T14:20:34.672495,Tomato_
Tomato___Target_Spot_00854623-ba28-446d-a1d5-03c0ae3f99d9___Com.G_TgS_FL 7949,data\Tomato___Target_Spot\00854623-ba28-446d-a1d5-03c0ae3f99d9___Com.G_TgS_FL 7949.JPG,..\features\encoder_efficientnet_b0\img_0164_Tomato___Target_Spot_00854623-ba28-446d-a1d5-03c0ae3f99d9___Com.G_TgS_FL 7949.npz,efficientnet_b0,"(1280,)",float16,3678,2025-09-26T14:20:34.674318,Tomato_
Tomato___Target_Spot_0118c27a-f34a-41e1-8b2f-d2c564f83c5c___Com.G_TgS_FL 0013,data\Tomato___Target_Spot\0118c27a-f34a-41e1-8b2f-d2c564f83c5c___Com.G_TgS_FL 0013.JPG,..\features\encoder_efficientnet_b0\img_0165_Tomato___Target_Spot_0118c27a-f34a-41e1-8b2f-d2c564f83c5c___Com.G_TgS_FL 0013.npz,efficientnet_b0,"(1280,)",float16,3669,2025-09-26T14:20:34.676347,Tomato_
Tomato___Target_Spot_0118ed61-b135-45be-ad81-7e2d54203be4___Com.G_TgS_FL 8241,data\Tomato___Target_Spot\0118ed61-b135-45be-ad81-7e2d54203be4___Com.G_TgS_FL 8241.JPG,..\features\encoder_efficientnet_b0\img_0166_Tomato___Target_Spot_0118ed61-b135-45be-ad81-7e2d54203be4___Com.G_TgS_FL 8241.npz,efficientnet_b0,"(1280,)",float16,3700,2025-09-26T14:20:34.678076,Tomato_
Tomato___Target_Spot_0197df47-a9cb-4b6c-b72c-ac0e9af6d135___Com.G_TgS_FL 0779,data\Tomato___Target_Spot\0197df47-a9cb-4b6c-b72c-ac0e9af6d135___Com.G_TgS_FL 0779.JPG,..\features\encoder_efficientnet_b0\img_0167_Tomato___Target_Spot_0197df47-a9cb-4b6c-b72c-ac0e9af6d135___Com.G_TgS_FL 0779.npz,efficientnet_b0,"(1280,)",float16,3698,2025-09-26T14:20:34.679575,Tomato_
Tomato___Target_Spot_01b2013e-4030-4cd0-843c-2dbacf5f3758___Com.G_TgS_FL 8398,data\Tomato___Target_Spot\01b2013e-4030-4cd0-843c-2dbacf5f3758___Com.G_TgS_FL 8398.JPG,..\features\encoder_efficientnet_b0\img_0168_Tomato___Target_Spot_01b2013e-4030-4cd0-843c-2dbacf5f3758___Com.G_TgS_FL 8398.npz,efficientnet_b0,"(1280,)",float16,3694,2025-09-26T14:20:34.740053,Tomato_
Tomato___Target_Spot_01e0b8b1-e713-4c6d-973b-f7636280c58a___Com.G_TgS_FL 9816,data\Tomato___Target_Spot\01e0b8b1-e713-4c6d-973b-f7636280c58a___Com.G_TgS_FL 9816.JPG,..\features\encoder_efficientnet_b0\img_0169_Tomato___Target_Spot_01e0b8b1-e713-4c6d-973b-f7636280c58a___Com.G_TgS_FL 9816.npz,efficientnet_b0,"(1280,)",float16,3710,2025-09-26T14:20:34.741673,Tomato_
Tomato___Tomato_mosaic_virus_000ec6ea-9063-4c33-8abe-d58ca8a88878___PSU_CG 2169,data\Tomato___Tomato_mosaic_virus\000ec6ea-9063-4c33-8abe-d58ca8a88878___PSU_CG 2169.JPG,..\features\encoder_efficientnet_b0\img_0170_Tomato___Tomato_mosaic_virus_000ec6ea-9063-4c33-8abe-d58ca8a88878___PSU_CG 2169.npz,efficientnet_b0,"(1280,)",float16,3689,2025-09-26T14:20:34.742835,Tomato_
Tomato___Tomato_mosaic_virus_006e354b-c054-4b72-a83c-e3feb038942e___PSU_CG 2330,data\Tomato___Tomato_mosaic_virus\006e354b-c054-4b72-a83c-e3feb038942e___PSU_CG 2330.JPG,..\features\encoder_efficientnet_b0\img_0171_Tomato___Tomato_mosaic_virus_006e354b-c054-4b72-a83c-e3feb038942e___PSU_CG 2330.npz,efficientnet_b0,"(1280,)",float16,3682,2025-09-26T14:20:34.744035,Tomato_
Tomato___Tomato_mosaic_virus_00c07a77-15e6-4815-92d4-8d1e1afb7f3c___PSU_CG 2052,data\Tomato___Tomato_mosaic_virus\00c07a77-15e6-4815-92d4-8d1e1afb7f3c___PSU_CG 2052.JPG,..\features\encoder_efficientnet_b0\img_0172_Tomato___Tomato_mosaic_virus_00c07a77-15e6-4815-92d4-8d1e1afb7f3c___PSU_CG 2052.npz,efficientnet_b0,"(1280,)",float16,3676,2025-09-26T14:20:34.745345,Tomato_
Tomato___Tomato_mosaic_virus_01b32f27-2b9b-4961-805b-8066bf4d90f1___PSU_CG 2417,data\Tomato___Tomato_mosaic_virus\01b32f27-2b9b-4961-805b-8066bf4d90f1___PSU_CG 2417.JPG,..\features\encoder_efficientnet_b0\img_0173_Tomato___Tomato_mosaic_virus_01b32f27-2b9b-4961-805b-8066bf4d90f1___PSU_CG 2417.npz,efficientnet_b0,"(1280,)",float16,3684,2025-09-26T14:20:34.746509,Tomato_
Tomato___Tomato_mosaic_virus_021accd9-bbb2-4777-8f94-93295e6de49e___PSU_CG 2075,data\Tomato___Tomato_mosaic_virus\021accd9-bbb2-4777-8f94-93295e6de49e___PSU_CG 2075.JPG,..\features\encoder_efficientnet_b0\img_0174_Tomato___Tomato_mosaic_virus_021accd9-bbb2-4777-8f94-93295e6de49e___PSU_CG 2075.npz,efficientnet_b0,"(1280,)",float16,3663,2025-09-26T14:20:34.748330,Tomato_
Tomato___Tomato_mosaic_virus_02cb8c4e-4542-4020-bb46-025de54d97ae___PSU_CG 2098,data\Tomato___Tomato_mosaic_virus\02cb8c4e-4542-4020-bb46-025de54d97ae___PSU_CG 2098.JPG,..\features\encoder_efficientnet_b0\img_0175_Tomato___Tomato_mosaic_virus_02cb8c4e-4542-4020-bb46-025de54d97ae___PSU_CG 2098.npz,efficientnet_b0,"(1280,)",float16,3675,2025-09-26T14:20:34.750438,Tomato_
Tomato___Tomato_mosaic_virus_03b6acc7-41a6-4670-b47c-bef6d4baea18___PSU_CG 2363,data\Tomato___Tomato_mosaic_virus\03b6acc7-41a6-4670-b47c-bef6d4baea18___PSU_CG 2363.JPG,..\features\encoder_efficientnet_b0\img_0176_Tomato___Tomato_mosaic_virus_03b6acc7-41a6-4670-b47c-bef6d4baea18___PSU_CG 2363.npz,efficientnet_b0,"(1280,)",float16,3675,2025-09-26T14:20:34.806254,Tomato_
Tomato___Tomato_mosaic_virus_046a2559-23b4-4018-a3db-337347ceb391___PSU_CG 2321,data\Tomato___Tomato_mosaic_virus\046a2559-23b4-4018-a3db-337347ceb391___PSU_CG 2321.JPG,..\features\encoder_efficientnet_b0\img_0177_Tomato___Tomato_mosaic_virus_046a2559-23b4-4018-a3db-337347ceb391___PSU_CG 2321.npz,efficientnet_b0,"(1280,)",float16,3669,2025-09-26T14:20:34.808188,Tomato_
Tomato___Tomato_mosaic_virus_05910684-8466-4472-b520-b6f90bfc0d01___PSU_CG 2076,data\Tomato___Tomato_mosaic_virus\05910684-8466-4472-b520-b6f90bfc0d01___PSU_CG 2076.JPG,..\features\encoder_efficientnet_b0\img_0178_Tomato___Tomato_mosaic_virus_05910684-8466-4472-b520-b6f90bfc0d01___PSU_CG 2076.npz,efficientnet_b0,"(1280,)",float16,3678,2025-09-26T14:20:34.809761,Tomato_
Tomato___Tomato_mosaic_virus_05a31ee3-d097-4e32-a1fe-ef11f84ff374___PSU_CG 2149,data\Tomato___Tomato_mosaic_virus\05a31ee3-d097-4e32-a1fe-ef11f84ff374___PSU_CG 2149.JPG,..\features\encoder_efficientnet_b0\img_0179_Tomato___Tomato_mosaic_virus_05a31ee3-d097-4e32-a1fe-ef11f84ff374___PSU_CG 2149.npz,efficientnet_b0,"(1280,)",float16,3658,2025-09-26T14:20:34.811389,Tomato_
Tomato___Tomato_Yellow_Leaf_Curl_Virus_00139ae8-d881-4edb-925f-46584b0bd68c___YLCV_NREC 2944,data\Tomato___Tomato_Yellow_Leaf_Curl_Virus\00139ae8-d881-4edb-925f-46584b0bd68c___YLCV_NREC 2944.JPG,..\features\encoder_efficientnet_b0\img_0180_Tomato___Tomato_Yellow_Leaf_Curl_Virus_00139ae8-d881-4edb-925f-46584b0bd68c___YLCV_NREC 2944.npz,efficientnet_b0,"(1280,)",float16,3754,2025-09-26T14:20:34.812527,Tomato_
Tomato___Tomato_Yellow_Leaf_Curl_Virus_0036c89d-7743-4895-9fcf-b8d2c1fc8455___YLCV_NREC 0313,data\Tomato___Tomato_Yellow_Leaf_Curl_Virus\0036c89d-7743-4895-9fcf-b8d2c1fc8455___YLCV_NREC 0313.JPG,..\features\encoder_efficientnet_b0\img_0181_Tomato___Tomato_Yellow_Leaf_Curl_Virus_0036c89d-7743-4895-9fcf-b8d2c1fc8455___YLCV_NREC 0313.npz,efficientnet_b0,"(1280,)",float16,3747,2025-09-26T14:20:34.813636,Tomato_
Tomato___Tomato_Yellow_Leaf_Curl_Virus_003bce78-28c9-4612-b148-f621e9a23bd4___YLCV_GCREC 5154,data\Tomato___Tomato_Yellow_Leaf_Curl_Virus\003bce78-28c9-4612-b148-f621e9a23bd4___YLCV_GCREC 5154.JPG,..\features\encoder_efficientnet_b0\img_0182_Tomato___Tomato_Yellow_Leaf_Curl_Virus_003bce78-28c9-4612-b148-f621e9a23bd4___YLCV_GCREC 5154.npz,efficientnet_b0,"(1280,)",float16,3742,2025-09-26T14:20:34.814925,Tomato_
Tomato___Tomato_Yellow_Leaf_Curl_Virus_004273e3-e283-4ec6-b597-d0de1bfbc590___YLCV_GCREC 2434,data\Tomato___Tomato_Yellow_Leaf_Curl_Virus\004273e3-e283-4ec6-b597-d0de1bfbc590___YLCV_GCREC 2434.JPG,..\features\encoder_efficientnet_b0\img_0183_Tomato___Tomato_Yellow_Leaf_Curl_Virus_004273e3-e283-4ec6-b597-d0de1bfbc590___YLCV_GCREC 2434.npz,efficientnet_b0,"(1280,)",float16,3748,2025-09-26T14:20:34.816146,Tomato_
Tomato___Tomato_Yellow_Leaf_Curl_Virus_00576ef6-6fa0-40d2-b365-87850597bafd___UF.GRC_YLCV_Lab 01999,data\Tomato___Tomato_Yellow_Leaf_Curl_Virus\00576ef6-6fa0-40d2-b365-87850597bafd___UF.GRC_YLCV_Lab 01999.JPG,..\features\encoder_efficientnet_b0\img_0184_Tomato___Tomato_Yellow_Leaf_Curl_Virus_00576ef6-6fa0-40d2-b365-87850597bafd___UF.GRC_YLCV_Lab 01999.npz,efficientnet_b0,"(1280,)",float16,3743,2025-09-26T14:20:34.871639,Tomato_
Tomato___Tomato_Yellow_Leaf_Curl_Virus_0068fe04-aa0c-4d92-8af0-f05c9d8db6eb___UF.GRC_YLCV_Lab 01755,data\Tomato___Tomato_Yellow_Leaf_Curl_Virus\0068fe04-aa0c-4d92-8af0-f05c9d8db6eb___UF.GRC_YLCV_Lab 01755.JPG,..\features\encoder_efficientnet_b0\img_0185_Tomato___Tomato_Yellow_Leaf_Curl_Virus_0068fe04-aa0c-4d92-8af0-f05c9d8db6eb___UF.GRC_YLCV_Lab 01755.npz,efficientnet_b0,"(1280,)",float16,3757,2025-09-26T14:20:34.873026,Tomato_
Tomato___Tomato_Yellow_Leaf_Curl_Virus_006c18c6-2486-412b-8113-956819390392___YLCV_NREC 2629,data\Tomato___Tomato_Yellow_Leaf_Curl_Virus\006c18c6-2486-412b-8113-956819390392___YLCV_NREC 2629.JPG,..\features\encoder_efficientnet_b0\img_0186_Tomato___Tomato_Yellow_Leaf_Curl_Virus_006c18c6-2486-412b-8113-956819390392___YLCV_NREC 2629.npz,efficientnet_b0,"(1280,)",float16,3751,2025-09-26T14:20:34.874601,Tomato_
Tomato___Tomato_Yellow_Leaf_Curl_Virus_009dd1f5-281a-4e54-9f80-a068d0d8cfcd___YLCV_NREC 2162,data\Tomato___Tomato_Yellow_Leaf_Curl_Virus\009dd1f5-281a-4e54-9f80-a068d0d8cfcd___YLCV_NREC 2162.JPG,..\features\encoder_efficientnet_b0\img_0187_Tomato___Tomato_Yellow_Leaf_Curl_Virus_009dd1f5-281a-4e54-9f80-a068d0d8cfcd___YLCV_NREC 2162.npz,efficientnet_b0,"(1280,)",float16,3723,2025-09-26T14:20:34.876156,Tomato_
Tomato___Tomato_Yellow_Leaf_Curl_Virus_00a538f3-8421-43ab-9e6f-758d36180dd3___YLCV_NREC 2667,data\Tomato___Tomato_Yellow_Leaf_Curl_Virus\00a538f3-8421-43ab-9e6f-758d36180dd3___YLCV_NREC 2667.JPG,..\features\encoder_efficientnet_b0\img_0188_Tomato___Tomato_Yellow_Leaf_Curl_Virus_00a538f3-8421-43ab-9e6f-758d36180dd3___YLCV_NREC 2667.npz,efficientnet_b0,"(1280,)",float16,3767,2025-09-26T14:20:34.877332,Tomato_
Tomato___Tomato_Yellow_Leaf_Curl_Virus_00b41556-fe22-41fb-93aa-76b0c45d923a___UF.GRC_YLCV_Lab 02644,data\Tomato___Tomato_Yellow_Leaf_Curl_Virus\00b41556-fe22-41fb-93aa-76b0c45d923a___UF.GRC_YLCV_Lab 02644.JPG,..\features\encoder_efficientnet_b0\img_0189_Tomato___Tomato_Yellow_Leaf_Curl_Virus_00b41556-fe22-41fb-93aa-76b0c45d923a___UF.GRC_YLCV_Lab 02644.npz,efficientnet_b0,"(1280,)",float16,3751,2025-09-26T14:20:34.878467,Tomato_
Corn_(maize)___Cercospora_leaf_spot Gray_leaf_spot_0657e6c0-5a6d-4ef3-807a-4e31e57fb683___RS_GLSp 7344 copy,data\Corn_(maize)___Cercospora_leaf_spot Gray_leaf_spot\0657e6c0-5a6d-4ef3-807a-4e31e57fb683___RS_GLSp 7344 copy.jpg,..\features\encoder_efficientnet_b0\img_0190_Corn_(maize)___Cercospora_leaf_spot Gray_leaf_spot_0657e6c0-5a6d-4ef3-807a-4e31e57fb683___RS_GLSp 7344 copy.npz,efficientnet_b0,"(1280,)",float16,3802,2025-09-26T14:20:34.879726,Corn_(maize)_
Corn_(maize)___Cercospora_leaf_spot Gray_leaf_spot_065fe7da-dcaf-41be-9332-5ec5ebceb94b___RS_GLSp 9337,data\Corn_(maize)___Cercospora_leaf_spot Gray_leaf_spot\065fe7da-dcaf-41be-9332-5ec5ebceb94b___RS_GLSp 9337.JPG,..\features\encoder_efficientnet_b0\img_0191_Corn_(maize)___Cercospora_leaf_spot Gray_leaf_spot_065fe7da-dcaf-41be-9332-5ec5ebceb94b___RS_GLSp 9337.npz,efficientnet_b0,"(1280,)",float16,3777,2025-09-26T14:20:34.881095,Corn_(maize)_
Corn_(maize)___Cercospora_leaf_spot Gray_leaf_spot_06785548-9756-4410-b3c2-55cc089276ce___RS_GLSp 4288,data\Corn_(maize)___Cercospora_leaf_spot Gray_leaf_spot\06785548-9756-4410-b3c2-55cc089276ce___RS_GLSp 4288.JPG,..\features\encoder_efficientnet_b0\img_0192_Corn_(maize)___Cercospora_leaf_spot Gray_leaf_spot_06785548-9756-4410-b3c2-55cc089276ce___RS_GLSp 4288.npz,efficientnet_b0,"(1280,)",float16,3770,2025-09-26T14:20:34.933774,Corn_(maize)_
Corn_(maize)___Cercospora_leaf_spot Gray_leaf_spot_06830ecc-28d2-4ec9-a553-4d7905a12dbf___RS_GLSp 4355 copy,data\Corn_(maize)___Cercospora_leaf_spot Gray_leaf_spot\06830ecc-28d2-4ec9-a553-4d7905a12dbf___RS_GLSp 4355 copy.jpg,..\features\encoder_efficientnet_b0\img_0193_Corn_(maize)___Cercospora_leaf_spot Gray_leaf_spot_06830ecc-28d2-4ec9-a553-4d7905a12dbf___RS_GLSp 4355 copy.npz,efficientnet_b0,"(1280,)",float16,3806,2025-09-26T14:20:34.936181,Corn_(maize)_
Corn_(maize)___Cercospora_leaf_spot Gray_leaf_spot_06e94cd0-fe77-4af0-b4ae-664fcd78cfff___RS_GLSp 4656,data\Corn_(maize)___Cercospora_leaf_spot Gray_leaf_spot\06e94cd0-fe77-4af0-b4ae-664fcd78cfff___RS_GLSp 4656.JPG,..\features\encoder_efficientnet_b0\img_0194_Corn_(maize)___Cercospora_leaf_spot Gray_leaf_spot_06e94cd0-fe77-4af0-b4ae-664fcd78cfff___RS_GLSp 4656.npz,efficientnet_b0,"(1280,)",float16,3764,2025-09-26T14:20:34.937988,Corn_(maize)_
Corn_(maize)___Cercospora_leaf_spot Gray_leaf_spot_07e00695-1271-4cf1-b08d-63e27969b03d___RS_GLSp 9312,data\Corn_(maize)___Cercospora_leaf_spot Gray_leaf_spot\07e00695-1271-4cf1-b08d-63e27969b03d___RS_GLSp 9312.JPG,..\features\encoder_efficientnet_b0\img_0195_Corn_(maize)___Cercospora_leaf_spot Gray_leaf_spot_07e00695-1271-4cf1-b08d-63e27969b03d___RS_GLSp 9312.npz,efficientnet_b0,"(1280,)",float16,3796,2025-09-26T14:20:34.939747,Corn_(maize)_
Corn_(maize)___Cercospora_leaf_spot Gray_leaf_spot_07f54257-0ec8-4bce-991f-90d46646d4f8___RS_GLSp 4378 copy 2,data\Corn_(maize)___Cercospora_leaf_spot Gray_leaf_spot\07f54257-0ec8-4bce-991f-90d46646d4f8___RS_GLSp 4378 copy 2.jpg,..\features\encoder_efficientnet_b0\img_0196_Corn_(maize)___Cercospora_leaf_spot Gray_leaf_spot_07f54257-0ec8-4bce-991f-90d46646d4f8___RS_GLSp 4378 copy 2.npz,efficientnet_b0,"(1280,)",float16,3754,2025-09-26T14:20:34.941526,Corn_(maize)_
Corn_(maize)___Cercospora_leaf_spot Gray_leaf_spot_092e84d4-17cf-457d-a786-4f96c5bf076a___RS_GLSp 4434 copy,data\Corn_(maize)___Cercospora_leaf_spot Gray_leaf_spot\092e84d4-17cf-457d-a786-4f96c5bf076a___RS_GLSp 4434 copy.jpg,..\features\encoder_efficientnet_b0\img_0197_Corn_(maize)___Cercospora_leaf_spot Gray_leaf_spot_092e84d4-17cf-457d-a786-4f96c5bf076a___RS_GLSp 4434 copy.npz,efficientnet_b0,"(1280,)",float16,3770,2025-09-26T14:20:34.943137,Corn_(maize)_
Corn_(maize)___Cercospora_leaf_spot Gray_leaf_spot_0995786c-d397-439a-bfeb-bd897cd431c8___RS_GLSp 9343,data\Corn_(maize)___Cercospora_leaf_spot Gray_leaf_spot\0995786c-d397-439a-bfeb-bd897cd431c8___RS_GLSp 9343.JPG,..\features\encoder_efficientnet_b0\img_0198_Corn_(maize)___Cercospora_leaf_spot Gray_leaf_spot_0995786c-d397-439a-bfeb-bd897cd431c8___RS_GLSp 9343.npz,efficientnet_b0,"(1280,)",float16,3775,2025-09-26T14:20:34.944461,Corn_(maize)_
Corn_(maize)___Cercospora_leaf_spot Gray_leaf_spot_0a01cc10-3892-4311-9c48-0ac6ab3c7c43___RS_GLSp 9352,data\Corn_(maize)___Cercospora_leaf_spot Gray_leaf_spot\0a01cc10-3892-4311-9c48-0ac6ab3c7c43___RS_GLSp 9352.JPG,..\features\encoder_efficientnet_b0\img_0199_Corn_(maize)___Cercospora_leaf_spot Gray_leaf_spot_0a01cc10-3892-4311-9c48-0ac6ab3c7c43___RS_GLSp 9352.npz,efficientnet_b0,"(1280,)",float16,3779,2025-09-26T14:20:34.945668,Corn_(maize)_
